case,year,temperature_c_above_1750_fair_reference,gmsl_additional_since_2026_m,gmsl_rate_mm_yr,thermal_additional_m,glacier_additional_m,greenland_additional_m,antarctica_additional_m,absolute_climate_driven_component_state_m
low,2026,1.1097296518466333,0.0026369251082940526,2.6369251082940526,0.0009681899232266283,0.0007929449128636357,0.0001994999727784469,0.0006762902994253521,0.22263692510829405
low,2027,1.1370602245069654,0.005347989321995761,2.7110642137017082,0.001963261107769898,0.0016005246934633621,0.0004151425058125241,0.00136906101494998,0.22534798932199576
low,2028,1.1509057791879476,0.008091507833213524,2.743518511217763,0.0029704211665574493,0.0024123350456130843,0.0006387710743741212,0.002069980546668855,0.22809150783321352
low,2029,1.1668837633039406,0.010873914071127588,2.7824062379140644,0.003991959753293389,0.003229772011564741,0.0008718220545596914,0.0027803602517097632,0.2308739140711276
low,2030,1.1779003319789183,0.01367985514027184,2.805941069144252,0.005022420843472528,0.0040490897072558985,0.0011112117673847954,0.003497132822158633,0.23367985514027184
low,2031,1.177742396932628,0.016474985091054162,2.7951299507823215,0.0060495870315097205,0.004862225127968231,0.0013497745917804005,0.00421339833979582,0.23647498509105416
low,2032,1.2002336723384945,0.019328829023082167,2.8538439320280053,0.007098176531541073,0.005685316632557821,0.0016022009661670125,0.004943134892816264,0.23932882902308217
low,2033,1.2123369694961021,0.022209329074087486,2.880500051005319,0.008156792084532155,0.006510787007938126,0.0018618260647078055,0.005679923916909392,0.2422093290740875
low,2034,1.22963018247524,0.025132316596367027,2.922987522279541,0.009231065034855046,0.007342105714494118,0.002132181545447684,0.006426964301570165,0.24513231659636703
low,2035,1.236103370408404,0.02806448807403164,2.9321714776646135,0.010309144272164658,0.008171700304273777,0.002406070809886182,0.007177572687707027,0.24806448807403164
low,2036,1.261517230062767,0.031063885680806286,2.9993976067746453,0.011411680813226577,0.009012327484159685,0.0026964412466958312,0.007943436136724217,0.2510638856808063
low,2037,1.2732729730666816,0.034088427806534954,3.0245421257286687,0.012523700781380445,0.00985455150915436,0.0029940585936900424,0.0087161169223101,0.25408842780653496
low,2038,1.2975303863580843,0.037176362180934924,3.08793437439997,0.013658813624736602,0.010706440464649275,0.0033077816261850163,0.009503326465364056,0.2571763621809349
low,2039,1.2806087586473074,0.04020128472730175,3.024922546366826,0.01477202677470113,0.011540958941819376,0.003608655898060753,0.010279643112720473,0.26020128472730175
low,2040,1.294271846667995,0.0432571714401683,3.0558867128665512,0.01589677173841561,0.012378238275104175,0.003918213198905916,0.011063948227742596,0.2632571714401683
low,2041,1.2972431148602674,0.046311167892376076,3.0539964522077745,0.017021349767540703,0.013211246788708608,0.0042289324707719955,0.011849638865354794,0.2663111678923761
low,2042,1.2869953019562341,0.04932278811863386,3.011620226257783,0.01813134055219738,0.014031403804576667,0.004531487589506528,0.012628556172353297,0.26932278811863386
low,2043,1.2788627783975637,0.05229868306824856,2.975894949614699,0.019229095884533517,0.014840142827322253,0.004827434901469738,0.013402009454923022,0.27229868306824856
low,2044,1.2683849319250537,0.05523180920008444,2.9331261318358837,0.02031209430758954,0.015635954054046608,0.0051152064023686356,0.014168554436079672,0.27523180920008444
low,2045,1.2754456513437717,0.058176088554197064,2.944279354112622,0.021399513520244592,0.016430551772175797,0.005407004397688299,0.014939018864088355,0.27817608855419707
low,2046,1.2753823865872087,0.06110966839273349,2.9335798385364265,0.02248356850706626,0.01721922175774125,0.005697874144608997,0.015709003983316983,0.2811096683927335
low,2047,1.26060202475781,0.06398749980773952,2.877831415006027,0.02354821444768973,0.01799221794854662,0.005977639895183254,0.016469427516319905,0.2839874998077395
low,2048,1.2914419589473873,0.06694961612568448,2.9621163179449628,0.024643277753063575,0.01877986637103747,0.0062780228348938705,0.017248449166689536,0.2869496161256845
low,2049,1.293374660728321,0.06990714756200753,2.9575314363230465,0.025737131086727608,0.019562940078982724,0.0065788579813677375,0.01802821841492948,0.28990714756200753
low,2050,1.285325773798951,0.07282953839709991,2.922390835092381,0.02681888910939699,0.02033495365063974,0.006873120869397738,0.01880257476766544,0.2928295383970999
low,2051,1.2726308904461794,0.07570269100384278,2.873152606742868,0.02788352011379465,0.021092881026088348,0.007157635789486243,0.019568654074473557,0.2957026910038428
low,2052,1.2776849358154703,0.0785811930012392,2.878501997396421,0.028950438467672757,0.02184853600658672,0.007444803837302588,0.02033741468967712,0.2985811930012392
low,2053,1.2826200403971177,0.08146468007704186,2.88348707580266,0.03001950748608273,0.022601843223634607,0.007734547689682118,0.02110878167764238,0.30146468007704186
low,2054,1.245285463619948,0.08422360048490588,2.7589204078640184,0.031044608272195157,0.023324651096722465,0.007997673998899092,0.021856667117089182,0.3042236004849059
low,2055,1.248068108157157,0.08698136495106548,2.757764466159607,0.03206963830451147,0.02404398899461796,0.008261895169308212,0.022605842482627835,0.3069813649510655
low,2056,1.2498160579920172,0.08973482375325201,2.753458802186526,0.03309346903957999,0.024759179786123672,0.008526506444835533,0.023355668482712838,0.309734823753252
low,2057,1.2434250711481223,0.09245906254653505,2.7242387932830403,0.03410722527162165,0.025464745258325913,0.008785970157670499,0.02410112185891699,0.31245906254653505
low,2058,1.2373541995556359,0.09515518169581874,2.6961191492836933,0.03511128674607136,0.026160952073212437,0.00904054020981155,0.02484240266672337,0.31515518169581874
low,2059,1.2552111144106965,0.0978966408148543,2.741459119035561,0.03613178588074342,0.026864096981813426,0.009306477799347311,0.02559428015295013,0.3178966408148543
low,2060,1.2541156262752255,0.10062520580907905,2.728564994224747,0.0371479975158293,0.027561296563903256,0.009570859807125326,0.026345051922221155,0.32062520580907905
low,2061,1.2486613902370223,0.10332757906683562,2.702373257756574,0.0381551796460399,0.02824965305541463,0.00983071772914064,0.027092028636240446,0.3233275790668356
low,2062,1.2292781106077362,0.10596117080405684,2.633591737221219,0.03913816431323004,0.028919701287044547,0.01007668894993033,0.027826616253851938,0.32596117080405684
low,2063,1.2176359821944351,0.10854996367322586,2.588792869169021,0.040105469735280855,0.029576749144229128,0.010314145542997553,0.0285535992507183,0.32854996367322586
low,2064,1.224875673766874,0.11115201875236,2.6020550791341357,0.041077741774131746,0.03023393701009368,0.010555705215463403,0.02928463475267116,0.33115201875236
low,2065,1.2339514824779103,0.11377293223541893,2.6209134830589287,0.04205696841630725,0.030892491200095004,0.01080261902844639,0.030020853590570287,0.33377293223541893
low,2066,1.224288911750884,0.1163552099555469,2.582277720127979,0.04302268671877395,0.031539528143081766,0.011042306548206413,0.030750688545484794,0.3363552099555469
low,2067,1.220033015515399,0.11891557741179057,2.560367456243662,0.04398083580624901,0.03217883102945282,0.011278430620197559,0.03147747995589116,0.33891557741179057
low,2068,1.224480396617194,0.1214808096123087,2.5652322005181305,0.0449409331001155,0.03281647161670828,0.011516804169084786,0.03220660072640012,0.3414808096123087
low,2069,1.226608096348435,0.12404379300560506,2.5629833932963586,0.04590044213522253,0.03345085522343043,0.01175587769579204,0.03293661795116007,0.34404379300560506
low,2070,1.2061655418813657,0.12653535192258378,2.49155891697872,0.04683474259868335,0.034066343821958764,0.011980663455192601,0.03365360204674905,0.3465353519225838
low,2071,1.2055464503776137,0.12901653123732862,2.4811793147448413,0.04776553647606897,0.034676839547412505,0.012204360844606035,0.03436979436924109,0.3490165312373286
low,2072,1.2219482359476412,0.1315395693367216,2.5230380993929713,0.048711402622932845,0.03529422796304607,0.01243823906695632,0.035095699683786355,0.3515395693367216
low,2073,1.181980409572436,0.13393148239304206,2.3919130563204716,0.049610801243609046,0.03587895182784123,0.012645204984860006,0.03579652433673175,0.35393148239304206
low,2074,1.1970793800865,0.13636162002064586,2.430137627603801,0.0505239460181167,0.036470066796159634,0.012861340466119656,0.03650626674024986,0.35636162002064586
low,2075,1.190792773276431,0.13876427147508533,2.402651454439464,0.05142746557072701,0.03705235514715678,0.01307272691500979,0.03721172384219174,0.35876427147508533
low,2076,1.1650687919539664,0.1410799170047459,2.3156455296605705,0.05230018466022006,0.037611884947227586,0.013266944942839025,0.03790090245445922,0.3610799170047459
low,2077,1.1854968256104115,0.1434504588314053,2.3705418266594114,0.053192544274036815,0.03818195019705038,0.013473670094884704,0.038602294265433386,0.3634504588314053
low,2078,1.1972851278114223,0.14584920061052623,2.3987417791209165,0.05409505973384916,0.038756151098264274,0.01368742943082462,0.03931056034758819,0.3658492006105262
low,2079,1.1738992540331052,0.14816817205943625,2.3189714489100233,0.05496932843602513,0.03930943666326443,0.013885417678839558,0.04000398928130714,0.36816817205943625
low,2080,1.1706736423618285,0.1504695037502202,2.3013316907839476,0.05583742899000767,0.03985630004058188,0.014080743412912357,0.04069503130671827,0.3704695037502202
low,2081,1.1629402104185393,0.1527394394666747,2.2699357164545075,0.056694462465039994,0.040393515798647944,0.014270555384299742,0.04138090581868702,0.3727394394666747
low,2082,1.1575862338538825,0.15498540245222345,2.245962985548744,0.05754305816722895,0.040922856258821416,0.014456403792204052,0.04206308423396902,0.37498540245222345
low,2083,1.1682730650184567,0.15725671172465475,2.271309272431299,0.05840074072856051,0.04145603491145447,0.014648467950107331,0.04275146813453243,0.37725671172465475
low,2084,1.1556925590209601,0.15948189395180187,2.2251822271471267,0.059242100063466516,0.04197612272496523,0.014831976459918753,0.043431694703451346,0.3794818939518019
low,2085,1.1733085541881572,0.16175378124635534,2.271887294553465,0.060100127273903695,0.04250513156686456,0.015026118248524449,0.04412240415706264,0.38175378124635534
low,2086,1.1614046492370573,0.16398164361789982,2.2278623715444867,0.06094256832375654,0.04302161074783535,0.015212092036663016,0.0448053725096449,0.3839816436178998
low,2087,1.1616839493635613,0.16620303057767968,2.2213869597798586,0.06178276121299024,0.04353446717807204,0.01539767922394223,0.04548812296267519,0.3862030305776797
low,2088,1.1592101185156773,0.1684095288855653,2.206498307885607,0.06261770933860435,0.04404172481905988,0.015581138162349135,0.04616895656555191,0.3884095288855653
low,2089,1.1485638297874154,0.1705761212219342,2.1665923363689,0.06343851318522516,0.044537436731001745,0.015757340466095456,0.046842830839611826,0.3905761212219342
low,2090,1.1483381651495512,0.1727349426735463,2.158821451612114,0.06425658356785731,0.04502931086949001,0.01593286746086036,0.04751618077533863,0.3927349426735463
low,2091,1.149538419762557,0.17489040889836635,2.1554662248200462,0.06507348431799871,0.045518423164590524,0.016108614747542355,0.04818988666823476,0.39489040889836635
low,2092,1.1705995061575334,0.1771034873770567,2.2130784786903446,0.06591088534193422,0.046019240567073696,0.01629715618268151,0.04887620528536728,0.3971034873770567
low,2093,1.1618659243208913,0.17928255829213,2.1790709150733,0.06673622124318752,0.04651002458266938,0.016479570613488002,0.04955674185278511,0.39928255829213
low,2094,1.148178205306674,0.18141254457045966,2.1299862783296653,0.0675441240694518,0.04698716939128707,0.016652808845576565,0.050228442264144205,0.40141254457045966
low,2095,1.131681414133315,0.18348499528459997,2.072450714140306,0.06833158220587161,0.047448570368648094,0.01681526474022188,0.05088957796985839,0.40348499528459997
low,2096,1.1304239769404534,0.1855469108224996,2.061915537899639,0.06911528235584947,0.04790561601759198,0.016976452583699293,0.05154955986535886,0.4055469108224996
low,2097,1.1246231002801794,0.18758438672705405,2.037475904554442,0.06989027942780406,0.048354938274957196,0.017133584365541243,0.052205584658751567,0.40758438672705405
low,2098,1.128430767324263,0.1896270279213946,2.0426411943405554,0.07066708184237656,0.04880378193893524,0.0172925796847304,0.0528635844553524,0.4096270279213946
low,2099,1.1169384619101734,0.19162783691943083,2.00080899803623,0.07142899324978653,0.04924067219429208,0.01744405561748117,0.05351411585787105,0.41162783691943083
low,2100,1.0991965540938016,0.19356775851743793,1.9399215980070994,0.07216924102622284,0.049660841939708614,0.017584349315027753,0.05415332623647873,0.41356775851743793
low,2101,1.1070410510237054,0.19552563963174704,1.9578811143091124,0.07291580326059348,0.05008388592079312,0.017728937923099333,0.05479701252726109,0.41552563963174705
low,2102,1.1274857120523691,0.19754011853487594,2.014478903128891,0.07368240645173972,0.050519216113918644,0.017885547695391163,0.055452948273826394,0.41754011853487594
low,2103,1.0899026060727508,0.19943272826612837,1.892609731252437,0.07440568685093503,0.05092277156078777,0.018018954799845055,0.05608531505456053,0.4194327282661284
low,2104,1.114433803628518,0.2013947759640288,1.9620476979004264,0.07515353679776936,0.05134207405918549,0.01816670537087671,0.05673245973619724,0.4213947759640288
low,2105,1.1148885549379637,0.20335203093101525,1.9572549669864547,0.07589961662498117,0.05175861433829844,0.018314284700340258,0.05737951526739542,0.42335203093101526
low,2106,1.0840094264580111,0.20520822276265624,1.8561918316409853,0.0766097492822536,0.052148430638038104,0.018442898623364942,0.058007144218999565,0.42520822276265624
low,2107,1.1067562087009888,0.20712854216324203,1.9203194005857904,0.07734254469392059,0.05255283134000656,0.01858471358964213,0.05864845253967274,0.42712854216324203
low,2108,1.0789367878888214,0.2089573354641888,1.8287933009467627,0.07804277105436318,0.05293282285823446,0.018709515709986815,0.05927222584160431,0.4289573354641888
low,2109,1.0585401164652237,0.21071771020609917,1.7603747419103755,0.07871862460246352,0.05329398112382082,0.01882204943824431,0.0598830550415705,0.43071771020609917
low,2110,1.0457090972439433,0.21243317477907617,1.715464572976999,0.0793784326339949,0.05364224690967108,0.018926878610992917,0.0604856166244173,0.43243317477907617
low,2111,1.0540157863369137,0.21416897031258605,1.7357955335098874,0.08004530308989578,0.05399455995878459,0.01903614696370587,0.06109296030019984,0.43416897031258606
low,2112,1.077516427474499,0.21597176104701457,1.8027907344285166,0.08073578978929251,0.054362765325809345,0.019158745756643017,0.0617144601752697,0.43597176104701457
low,2113,1.0747878158398396,0.2177606133238926,1.788852276878028,0.08142120743751387,0.05472611355730049,0.0192793713647047,0.06233392096437357,0.4377606133238926
low,2114,1.0763286435884225,0.21954871658300176,1.788103259109164,0.08210622896555726,0.05508797353557433,0.01940053539514741,0.06295397868672278,0.43954871658300176
low,2115,1.068838107674764,0.22130830176048458,1.7595851774828142,0.0827810031770644,0.05544128926608165,0.0195169499577003,0.06356905935963822,0.4413083017604846
low,2116,1.0658121329590766,0.2230532113740266,1.7449096135420117,0.08345043155490743,0.05578960862497183,0.019631250094945596,0.06418192109920175,0.4430532113740266
low,2117,1.0531779470746487,0.22475393558739584,1.7007242133692535,0.08410404861367098,0.0561253489478014,0.01973790249144089,0.06478663553448256,0.44475393558739584
low,2118,1.0348795837219043,0.22639317896804298,1.6392433806471374,0.0847357231637504,0.05644393276431066,0.019833811325565,0.06537971171441695,0.446393178968043
low,2119,1.0394175551890912,0.22804149598346032,1.6483170154173443,0.0853704340628544,0.05676381561396694,0.019931996736285026,0.06597524957035397,0.4480414959834603
low,2120,1.0388930001033936,0.22968326676389664,1.6417707804363135,0.0860026493536858,0.05708090672533429,0.02002958729135612,0.06657012339352043,0.44968326676389664
low,2121,1.0229312540044395,0.23127096131305133,1.5876945491546945,0.08661553602667947,0.05738271209822528,0.02011790657695116,0.06715480661119545,0.45127096131305133
low,2122,1.0130504838494545,0.23282350297872986,1.5525416656785307,0.08721578644534349,0.05767418690056801,0.020200471755367932,0.06773305787745043,0.45282350297872986
low,2123,1.0201147837962532,0.23439326367308047,1.5697606943506082,0.08782192443237775,0.05796929695613999,0.02028670388789945,0.06831533839666329,0.45439326367308047
low,2124,1.0342654540939202,0.23600201069750468,1.6087470244242064,0.0884416627325033,0.058273725669156104,0.020380603126596397,0.06890601916924888,0.4560020106975047
low,2125,1.02113673275361,0.23756554934597604,1.5635386484713631,0.08904520079631782,0.05856523010575211,0.020466858330540294,0.06948826011336583,0.45756554934597604
low,2126,1.0124694825091252,0.23909778676038293,1.5322374144068895,0.08963745477482378,0.05884746744295201,0.020548045125814735,0.07006481941679239,0.45909778676038293
low,2127,0.9952183499665963,0.24057235067923907,1.4745639188561421,0.09020909462698486,0.05911331318601466,0.020619540021705962,0.0706304028445336,0.4605723506792391
low,2128,0.9803145000226143,0.24199666511372567,1.4243144344865954,0.09076274349177625,0.05936466799975017,0.020682788344991432,0.07118646527720783,0.46199666511372567
low,2129,0.9953246843868871,0.24346326683025923,1.4666017165335665,0.09133108937931413,0.05962677140852442,0.020753932654435356,0.07175147338798533,0.46346326683025924
low,2130,0.9877717186506683,0.2449023547470303,1.4390879167710535,0.09188947340760177,0.0598806075660122,0.0208207763952854,0.0723114973781309,0.4649023547470303
low,2131,0.992556520034045,0.24635211664101211,1.4497618939818269,0.09245138514640376,0.060136575433618236,0.020890001800425717,0.07287415426056441,0.4663521166410121
low,2132,0.9732909349631542,0.24773826094225995,1.386144301247838,0.09299057712046536,0.0603743954385413,0.020948688376689062,0.07342460000656421,0.46773826094225995
low,2133,0.961564135120099,0.24908427840621403,1.3460174639540745,0.093515342306898,0.060600432971677595,0.021001009026261022,0.07396749410137744,0.46908427840621403
low,2134,0.9563778211055518,0.25041052806049846,1.326249654284406,0.09403285949868921,0.06082033299066726,0.021050458296797303,0.07450687727434466,0.47041052806049843
low,2135,0.9715055082931167,0.2517798799590877,1.3693518985892217,0.09456531138804326,0.06105156874591604,0.02110771165267958,0.07505528817244879,0.47177987995908766
low,2136,0.9541661954595628,0.25309182212605874,1.311942166971114,0.09507723417282325,0.061266217895517464,0.02115568519788419,0.07559268485983386,0.47309182212605877
low,2137,0.9437247795849271,0.2543678706064185,1.276048480359726,0.09557621504093765,0.061470216124678054,0.021198108822630707,0.07612333061817209,0.4743678706064185
low,2138,0.925398510696039,0.25558372472921764,1.215854122799176,0.09605369155248199,0.06165660807665112,0.02123106187566473,0.07664236322441983,0.47558372472921767
low,2139,0.9268694012535418,0.2568009111352517,1.2171864060340765,0.09653132577338742,0.061842920259771686,0.021264658111884563,0.07716200699020807,0.47680091113525175
low,2140,0.9334199364990072,0.2580351576291251,1.234246493873381,0.09701465865631546,0.06203362657395921,0.021301475966111705,0.07768539643273877,0.47803515762912513
low,2141,0.9293159342303536,0.2592534074878421,1.218249858716991,0.09749204980075975,0.06221930630670729,0.021336097340472884,0.07820595403990221,0.4792534074878421
low,2142,0.9247044541984424,0.26045414892570096,1.20074143785881,0.09796296359988303,0.06239953503826255,0.02136828204394206,0.07872336824361331,0.48045414892570093
low,2143,0.9305029087049512,0.26166969511399185,1.2155461882908947,0.09843877597422819,0.0625835508461395,0.021403303036777857,0.0792440652568463,0.4816696951139918
low,2144,0.9138969595904539,0.26283058049796715,1.160885383975352,0.09889503091204134,0.06275146828822058,0.02142986481165847,0.07975421648604678,0.4828305804979672
low,2145,0.9249841903445084,0.2640228262672173,1.1922457692501442,0.09936199841995642,0.0629280027546137,0.021461906487122706,0.0802709186055245,0.4840228262672173
low,2146,0.9147279942291678,0.2651801743282085,1.1573480609912146,0.09981636229723685,0.06309411097652244,0.02148870512597502,0.08078099592847421,0.48518017432820854
low,2147,0.9221540696918558,0.26635755692250007,1.177382594291565,0.10027745048751512,0.06326559892510618,0.021519142781782463,0.08129536472809634,0.4863575569225001
low,2148,0.8972168212014404,0.267454557795925,1.0970008734249026,0.10070993716977271,0.06341345633070349,0.02153711453754134,0.08179404975790747,0.487454557795925
low,2149,0.8787391875979629,0.26849143253357377,1.0368747376487963,0.10112095586784996,0.06354334801915675,0.021546082161317967,0.08228104648524912,0.4884914325335738
low,2150,0.888348817449011,0.2695556453010626,1.064212767488748,0.1015412122872857,0.06368108376150099,0.021559653809106932,0.08277369544316894,0.48955564530106255
low,2151,0.8705902257749559,0.2705620607407838,1.0064154397212421,0.10194082219332114,0.06380146990290046,0.021564665345168238,0.08325510329939396,0.4905620607407838
low,2152,0.856944460015147,0.2715236336549244,0.9615729141405627,0.10232433487032759,0.06390825155683837,0.021563232549211844,0.08372781467854652,0.49152363365492435
low,2153,0.8534059605929162,0.27247197292208847,0.9483392671641444,0.10270282520651887,0.06401092200887028,0.021560153529431803,0.08419807217726755,0.4924719729220885
low,2154,0.857526190117526,0.27343097061374366,0.9589976916551946,0.10308466339814247,0.06411669707526717,0.02155900641269526,0.08467060372763878,0.4934309706137437
low,2155,0.8920612873805712,0.2744951080868503,1.0641374731065745,0.10350301915589659,0.0642535690356588,0.021574341546717016,0.08516417834857785,0.49449510808685027
low,2156,0.8705864582689431,0.2754899158129368,0.9948077260865107,0.10389668008262666,0.06436971105540766,0.021579306785420638,0.08564421788948179,0.4954899158129368
low,2157,0.8636842582376534,0.27646091480753554,0.9709989945987929,0.10428161842469615,0.06447858054900803,0.021580992355202624,0.08611972347862876,0.49646091480753557
low,2158,0.8719241119203325,0.27745528911865147,0.9943743111158754,0.10467437921823138,0.06459429424998579,0.0215865731332939,0.08660004251714037,0.49745528911865144
low,2159,0.8550883183417376,0.2783949504957478,0.9396613770963347,0.10504758350727621,0.06469346270650657,0.02158420728408636,0.08706969699787863,0.4983949504957478
low,2160,0.8403270835038015,0.279286509590558,0.8915590948102015,0.10540355370895528,0.06477795935210644,0.021575023215511246,0.08752997331398504,0.499286509590558
low,2161,0.8387052046613319,0.2801710741400196,0.8845645494616194,0.1057566758906799,0.06486028827513017,0.021565124290098603,0.0879889856841109,0.5001710741400196
low,2162,0.8239589971426592,0.28100773812706625,0.8366639870466264,0.10609264123334862,0.06492789301238884,0.021548568636514998,0.08843863524481374,0.5010077381270662
low,2163,0.8304531383439043,0.2818629362449958,0.8551981179295565,0.10643467301689545,0.06500123422275213,0.02153499332958214,0.08889203567576609,0.5018629362449958
low,2164,0.8340216503468769,0.28272746481518474,0.8645285701889271,0.10677956126267722,0.06507744517240542,0.02152307907765086,0.08934737930245115,0.5027274648151847
low,2165,0.8535797202261081,0.28365109415300493,0.9236293378201976,0.10714474046879456,0.06517161820092061,0.0215202026273862,0.08981453285590357,0.5036510941530049
low,2166,0.8479850303094526,0.2845552399345299,0.9041457815249787,0.1075027097731661,0.06525982481540128,0.021514738604414135,0.09027796674154832,0.5045552399345299
low,2167,0.8471221843625687,0.2854547118559986,0.8994719214686642,0.10785865303558233,0.0653465632680909,0.021508892243708416,0.09074060330861691,0.5054547118559986
low,2168,0.8316862126687008,0.2863041075924868,0.8493957364882343,0.10819667844020399,0.06541798370593006,0.02149599613409381,0.09119344931225896,0.5063041075924868
low,2169,0.8256629394435205,0.28713294173897086,0.8288341464840476,0.10852710868189934,0.06548309717224719,0.021480416558115792,0.09164231932670854,0.5071329417389708
low,2170,0.8141523557709854,0.28792415178275865,0.7912100437877934,0.10884398061946192,0.06553660559112788,0.02145973640265686,0.09208382916951194,0.5079241517827586
low,2171,0.8124408731545323,0.28870847013988765,0.7843183571289991,0.10915802526708666,0.06558805470840658,0.021438359672689686,0.09252403049170473,0.5087084701398876
low,2172,0.8213717440759456,0.28951915436872444,0.8106842288367888,0.10948086103254197,0.06564777425757347,0.02142102718512691,0.09296949189348205,0.5095191543687244
low,2173,0.8189545759165396,0.2903206707024252,0.8015163337007358,0.10980008159707959,0.06570471622578312,0.021402665871739612,0.09341320700782284,0.5103206707024251
low,2174,0.8323339296669,0.29116234492544124,0.8416742230160645,0.1101329304852099,0.06577410328743093,0.02139038560953048,0.09386492554326994,0.5111623449254412
low,2175,0.8341624874329739,0.29200797737661943,0.845632451178191,0.11046676553063615,0.06584472377282437,0.02137897363795503,0.09431751443520385,0.5120079773766194
low,2176,0.8401428999726536,0.2928704931627515,0.8625157861320565,0.11080611304111955,0.06592051757147012,0.02137032707636638,0.09477353547379543,0.5128704931627515
low,2177,0.8402775171356015,0.2937316043318162,0.8611111690647322,0.11114457908090046,0.06599587783290768,0.021361768411051085,0.09522937900695694,0.5137316043318162
low,2178,0.8258943113455205,0.2945460471484256,0.814442816609362,0.11146632869606253,0.06605693308561007,0.021346699801369592,0.09567608556538335,0.5145460471484256
low,2179,0.8205044717103428,0.2953420329043628,0.7959857559372008,0.11178122348733423,0.06611234213520405,0.021329256719937267,0.09611921056188723,0.5153420329043628
low,2180,0.8103388883015469,0.2961047090651867,0.7626761608239274,0.11208407432461066,0.06615748091938593,0.021307345094272123,0.09655580872691796,0.5161047090651867
low,2181,0.8031283321872527,0.29684341664814173,0.7387075829550227,0.11237814137086156,0.06619524085370791,0.0212823269594912,0.096987707464081,0.5168434166481417
low,2182,0.8185086992638568,0.29762883024310416,0.7854135949624252,0.1126880958871165,0.06624769624051625,0.021264186829824117,0.09742885128564722,0.5176288302431041
low,2183,0.7958991052581246,0.29834206519693496,0.7132349538307992,0.11297244613561895,0.06627768256230653,0.021236146823423327,0.09785578967558616,0.5183420651969349
low,2184,0.7958992067182835,0.29905405768473414,0.7119924877991846,0.11325593482738551,0.06630744686321689,0.02120819183078547,0.09828248416334624,0.5190540576847341
low,2185,0.7872897522606475,0.29973787078980973,0.6838131050755925,0.11352917233037475,0.06632847272680074,0.021176604170271923,0.09870362156236233,0.5197378707898097
low,2186,0.7794848662592826,0.30039611409652256,0.6582433067128246,0.11379306741983829,0.0663415679096677,0.021141777185227015,0.09911970158178957,0.5203961140965225
low,2187,0.7868353439987165,0.3010763471122825,0.6802330157599235,0.11406418153020102,0.06636188974540407,0.021110195700638157,0.09954008013603918,0.5210763471122825
low,2188,0.8023091398839715,0.3018038714455157,0.7275243332331982,0.11435135458725566,0.0663973325339733,0.021085416307711144,0.09996976801657556,0.5218038714455157
low,2189,0.8003805535516044,0.3025240628198085,0.7201913742928001,0.11463555351056269,0.06643062013715621,0.021059869024188757,0.1003980201479008,0.5225240628198085
low,2190,0.7914807838871059,0.30321514062813404,0.6910778083255575,0.11490918238537721,0.06645488773324716,0.021030535375065856,0.10082053513444375,0.523215140628134
low,2191,0.7990642633858259,0.3039287794516444,0.7136388235103874,0.11519025496850908,0.06648645549353797,0.0210045802155409,0.10124748877405647,0.5239287794516444
low,2192,0.8043843134426375,0.3046578000466703,0.7290205950258866,0.11547627950751162,0.06652300868008414,0.020981030188021485,0.10167748167105303,0.5246578000466703
low,2193,0.7918014203820523,0.30534615695762146,0.6883569109511489,0.11574771051305714,0.06654690913265619,0.020952073896659942,0.10209946341524821,0.5253461569576214
low,2194,0.7898918108790755,0.30602738497184623,0.6812280142247662,0.11601623579003718,0.0665687420549539,0.020922381601701706,0.10252002552515345,0.5260273849718462
low,2195,0.7622095015617671,0.30662074069562417,0.5933557237779441,0.11625374847116506,0.06656266749811822,0.020881061351952293,0.10292326337438862,0.5266207406956241
low,2196,0.7627774768309089,0.3072150985594897,0.5943578638655245,0.11649116102628009,0.06655721367019181,0.020840102539141675,0.10332662132387604,0.5272150985594897
low,2197,0.7867799456556166,0.3078838949424608,0.6687963829711263,0.11675403866085506,0.06657588310134847,0.020809411444961637,0.10374456173529559,0.5278838949424608
low,2198,0.78781999575151,0.30855486639392526,0.6709714514644416,0.11701725429664199,0.06659544692476076,0.020779259989411852,0.10416290518311064,0.5285548663939252
low,2199,0.7867329929502911,0.30922134485220587,0.666478458280606,0.11727848648805249,0.06661378650532516,0.020748733117315718,0.10458033874151247,0.5292213448522058
low,2200,0.7988633789936638,0.3099247042269728,0.7033593747669542,0.11755216021517269,0.06664397970532664,0.020723544358920057,0.10500501994755342,0.5299247042269728
low,2201,0.7988497464932336,0.3106268016572131,0.7020974302403005,0.11782498975614962,0.06667393584577395,0.020698425989870317,0.1054294500654192,0.5306268016572131
low,2202,0.7892150381693943,0.3112975415831365,0.6707399259233693,0.11808648195004305,0.06669415711045464,0.020669210862272358,0.10584769166036637,0.5312975415831365
low,2203,0.7587531545824122,0.3118717137215944,0.5741721384578957,0.11831395059761766,0.06668364412151716,0.020627224076213924,0.10624689492624559,0.5318717137215944
low,2204,0.7679746318670075,0.31247410461711655,0.6023908955221646,0.11855078973966161,0.06668254966827512,0.020589204164368463,0.10665156104481137,0.5324741046171165
low,2205,0.7571768993928536,0.313041791004966,0.5676863878494309,0.11877513184281847,0.06667051883697696,0.02054680814304516,0.10704933218212535,0.533041791004966
low,2206,0.7667791454717983,0.3136389175163833,0.5971265114173008,0.11900926929896098,0.06666831471614833,0.020508531522047263,0.10745280197922673,0.5336389175163833
low,2207,0.7489007198374015,0.31417911547038957,0.5401979540062829,0.11922319351060494,0.06664793374488191,0.020462980535421574,0.1078450076794811,0.5341791154703895
low,2208,0.753236439802144,0.314732348899626,0.5532334292364105,0.11944119934338727,0.06663214072260361,0.02041934381283582,0.10823966502079929,0.534732348899626
low,2209,0.7555340443431562,0.3152921600308203,0.5598111311942988,0.119661051030115,0.06661880945920866,0.020376784747628857,0.10863551479386775,0.5352921600308203
low,2210,0.7597974640114006,0.31586468962665226,0.5725295958319832,0.11988488750288466,0.06660991601546844,0.02033611660223797,0.10903376950606115,0.5358646896266522
low,2211,0.7547081181991139,0.3164205260293981,0.5558364027458129,0.1201024936696992,0.06659590701423236,0.020293469554748783,0.10942865579071771,0.536420526029398
low,2212,0.7499841444671022,0.3169608738449132,0.540347815515152,0.12031428699799755,0.06657717262677167,0.02024901316072132,0.10982040105942271,0.5369608738449132
low,2213,0.7532941180608627,0.31751102580961343,0.5501519647002073,0.12052904940861546,0.06656196267824942,0.020206048522499312,0.11021396520024919,0.5375110258096134
low,2214,0.7385441272292003,0.3180141904717907,0.5031646621772579,0.1207270701249606,0.06653170592554873,0.020157212825485146,0.11059820159579621,0.5380141904717907
low,2215,0.7451092795622095,0.318537548141391,0.5233576696003217,0.12093165276289224,0.06650844372288507,0.020111181591056626,0.11098627006455701,0.538537548141391
low,2216,0.7415726620737771,0.3190492586378746,0.511710496483575,0.12113175732526697,0.06648171123807407,0.02006385589284787,0.11137193418168566,0.5390492586378746
low,2217,0.7404624461956173,0.31955699306086416,0.5077344229895697,0.12133004436558563,0.06645403107161547,0.020016224866143295,0.11175669275751972,0.5395569930608641
low,2218,0.7287826606575418,0.3200275087777954,0.4705157169312413,0.12151498895186179,0.06641443840252613,0.01996405804831486,0.11213402337509264,0.5400275087777954
low,2219,0.725504994161779,0.32048737961460927,0.4598708368138693,0.12169579746382052,0.0663717172532199,0.01991074931086491,0.11250911558670386,0.5404873796146092
low,2220,0.7329311509326959,0.3209703435041027,0.4829638894934263,0.12188415933312945,0.06633705180310843,0.01986055590834919,0.11288857645951562,0.5409703435041027
low,2221,0.7349294323518978,0.3214592161441806,0.48887264007790865,0.12207413035226143,0.06630471749898327,0.01981131457028855,0.11326905372264735,0.5414592161441806
low,2222,0.7253088587626854,0.32191740196075913,0.45818581657852686,0.12225303053045024,0.06626260404268731,0.019758391085693633,0.11364337630192796,0.5419174019607591
low,2223,0.7274504592282717,0.3223820477381074,0.4646457773482826,0.12243372487830397,0.06622303971120551,0.019706476492575856,0.11401880665602203,0.5423820477381074
low,2224,0.7234904284262869,0.32283391095335534,0.4518632152479274,0.12260955163392566,0.06617962855760838,0.01965315218805956,0.11439157857376166,0.5428339109533553
low,2225,0.7322602469581874,0.3233131224205641,0.4792114672087511,0.12279441265595907,0.06614568876353126,0.019603471291231425,0.11476954970984228,0.5433131224205641
low,2226,0.7117756418711022,0.32372742654658726,0.41430412602316835,0.12295636665116404,0.06609052342857315,0.019545873532144334,0.11513466293470569,0.5437274265465872
low,2227,0.7037199002266479,0.32411619800149594,0.38877145490867626,0.12310904179489261,0.06602721978750718,0.01948534043907041,0.11549459598002572,0.5441161980014959
low,2228,0.6876514885429398,0.32445418989469255,0.3379918931966097,0.12324372511028826,0.06594716455959053,0.019418893380990135,0.11584440684382362,0.5444541898946925
low,2229,0.6909497378567457,0.3248027953487077,0.34860545401516063,0.12338159838458566,0.06587125589690924,0.01935388776050831,0.11619605330670445,0.5448027953487077
low,2230,0.7122873264306309,0.32521890779003326,0.4161124413255557,0.1235423312304355,0.0658186643468572,0.019297245043614145,0.11656066716912637,0.5452189077900332
low,2231,0.7061216601352586,0.32561543595092046,0.39652816088719955,0.12369585082564234,0.06575992868914578,0.019238388852276203,0.11692126758385606,0.5456154359509204
low,2232,0.6809535422410632,0.32593237562334865,0.31693967242818477,0.12382144908134278,0.06567460684074054,0.019170190084245545,0.11726612961701978,0.5459323756233486
low,2233,0.7109015862790172,0.3263441867229836,0.4118110996349511,0.12397933732976431,0.06562200642316575,0.0191135661624256,0.11762927680762796,0.5463441867229836
low,2234,0.7235904391260362,0.32679586694959606,0.4516802266124609,0.12415058951387221,0.06558315208932404,0.01906207802594405,0.11800004732045567,0.546795866949596
low,2235,0.7061337158174533,0.32719222460632214,0.39635765672607626,0.12430227905381284,0.06552617377488366,0.01900393910530565,0.1183598326723199,0.5471922246063221
low,2236,0.7116031874462325,0.3276057697377265,0.413545131404347,0.12445947562480324,0.06547541507041439,0.01894809116460633,0.11872278787790254,0.5476057697377265
low,2237,0.6852752162736817,0.32793602536435773,0.3302556266312484,0.12458747441945088,0.06539688100756978,0.018882382376178744,0.11906928756115835,0.5479360253643577
low,2238,0.6772500062398223,0.3282410817832051,0.30505641884737145,0.12470633056438084,0.06531022412028313,0.01881389055499537,0.11941063654354568,0.5482410817832051
low,2239,0.6932572693197694,0.3285970615298516,0.35597974664647314,0.12484228900798912,0.06524151388949344,0.018751589394925147,0.11976166923744384,0.5485970615298515
low,2240,0.6979577596388679,0.32896797640471453,0.3709148748629598,0.12498296326393458,0.06517835042851718,0.018691260497006007,0.12011540221525673,0.5489679764047145
low,2241,0.6893775672856737,0.32931180088919876,0.3438244844842231,0.12511385102441613,0.06510644403278236,0.018627867976484483,0.12046363785551574,0.5493118008891987
low,2242,0.693702872457655,0.3296694252926946,0.3576244034958487,0.12524906067005354,0.06503972171160087,0.018566299075867987,0.12081434383517216,0.5496694252926946
low,2243,0.70625307652813,0.33006675050438206,0.3973252116874493,0.12539755172120526,0.06498689560996711,0.018509708493000182,0.12117259468020943,0.550066750504382
low,2244,0.7012252807354264,0.3304481139174992,0.3813634131171195,0.12554010793133724,0.06492910860549637,0.018451359438448126,0.12152753794221745,0.5504481139174991
low,2245,0.6762754692708904,0.3307505646584221,0.3024507409229438,0.12565501417681052,0.06484485569646449,0.018383814003575194,0.12186688078157194,0.5507505646584221
low,2246,0.7012487251878978,0.3311322588142531,0.38169415583100275,0.12579681577344937,0.06478814584874958,0.01832585541481281,0.1222214417772413,0.5511322588142531
low,2247,0.6803101313236076,0.33144773080911594,0.31547199486281485,0.12591534556588285,0.0647093241493271,0.01826018303092046,0.12256287806298545,0.5514477308091159
low,2248,0.6696838349868941,0.33172978254500596,0.28205173589002097,0.12602192385385075,0.06461950012912436,0.018190797262632355,0.12289756129939851,0.5517297825450059
low,2249,0.6826041439145666,0.3320531033181583,0.32332077315233576,0.12614227405977618,0.06454441545448834,0.018126386839279043,0.12324002696461471,0.5520531033181583
low,2250,0.6667831115912896,0.33232651494806387,0.27341162990557333,0.12624500026011887,0.06445263236340391,0.018056349226466997,0.12357253309807413,0.5523265149480638
low,2251,0.6595630795747343,0.3325774233308969,0.2509083828330372,0.12633953877038184,0.06435357898263717,0.017983912141036576,0.12390039343684135,0.5525774233308969
low,2252,0.6439302066619802,0.3327791733515949,0.2017500206979994,0.1264167367571331,0.06423788077924351,0.017906137104229364,0.12421841871098883,0.5527791733515949
low,2253,0.665265047586864,0.33304932021208467,0.27014686048976166,0.12651697518250932,0.06414670070481497,0.017836215423667062,0.12454942890109331,0.5530493202120846
low,2254,0.6565361119823532,0.33329217539932965,0.24285518724498356,0.12660738737987637,0.06404656615490102,0.01776335892229329,0.12487486294225895,0.5532921753993296
low,2255,0.6671012542059943,0.33356903961625306,0.27686421692341145,0.12670905121058634,0.06395882005238064,0.017694537130112667,0.12520663122317338,0.553569039616253
low,2256,0.659117494240823,0.333820948735259,0.25190911900596635,0.12680169741275638,0.06386293232613034,0.017623036194595015,0.12553328280177734,0.553820948735259
low,2257,0.6692596581204328,0.33410547346184427,0.28452472658524464,0.12690512704763696,0.06377891324872322,0.017555426279153435,0.12586600688633065,0.5541054734618442
low,2258,0.675037587989804,0.3344086240415184,0.3031505796741163,0.12701454645560273,0.06370183135035816,0.017490139584573933,0.12620210665098358,0.5544086240415184
low,2259,0.6773519072238928,0.33471934723146113,0.31072318994274095,0.12712615900149665,0.06362784127882877,0.017425904326923057,0.12653944262421263,0.5547193472314611
low,2260,0.6655094446395807,0.3349927668495494,0.2734196180882442,0.12722451427746256,0.06354144863095294,0.01735752659830027,0.12686927734283354,0.5549927668495493
low,2261,0.6326433854126702,0.33516215580932396,0.16938895977458568,0.12728671762434468,0.06341907753413951,0.017277720120061714,0.127178640530778,0.5551621558093239
low,2262,0.6383171066557196,0.33535037878291496,0.18822297359100126,0.12735492199031956,0.06330400621969658,0.017200122136602256,0.1274913284362965,0.5553503787829149
low,2263,0.6363010058302683,0.33553289112995255,0.1825123470375889,0.1274207202936789,0.06318751894020062,0.01712205845528484,0.1278025934407882,0.5555328911299525
low,2264,0.6451135033956477,0.33574414466951163,0.21125353955908643,0.12749593284194782,0.0630817815850674,0.017047311093007333,0.12811911914948904,0.5557441446695116
low,2265,0.6403103842417096,0.33594073157252224,0.19658690301060933,0.12756567770705413,0.06297144768210926,0.01697110640768034,0.1284324997756785,0.5559407315725222
low,2266,0.647038660114108,0.3361593608173816,0.21862924485938073,0.12764255116139966,0.06286946111039764,0.01689749491096435,0.12874985363462,0.5561593608173816
low,2267,0.6378391080227341,0.3363493108326654,0.18995001528376854,0.12770915579087477,0.06275792356993419,0.016820882761219284,0.12906134871063707,0.5563493108326654
low,2268,0.6541673163375225,0.3365918209336679,0.24251010100251325,0.12779337117902817,0.06266545086307089,0.016750256264969475,0.12938274262659932,0.5565918209336679
low,2269,0.6512808349585523,0.33682562707560615,0.233806141938242,0.1278741824802586,0.06257045696717047,0.01667881611064711,0.12970217151752994,0.5568256270756061
low,2270,0.6332728525482282,0.3370026810578235,0.17705398221734558,0.1279351038270377,0.062455989196525105,0.01660128365431094,0.1300103043799497,0.5570026810578235
low,2271,0.6405248301756096,0.3372035254067235,0.2008443488999978,0.12800375181199586,0.062350531444829896,0.016526505477256766,0.13032273667264094,0.5572035254067235
low,2272,0.6269086243831767,0.33736166134590495,0.15813593918145852,0.1280573377300745,0.0622304890543018,0.016447247273081264,0.13062658728844734,0.5573616613459049
low,2273,0.6267761145411406,0.33752016861833434,0.15850727242938678,0.12811061671039187,0.06211118547180526,0.016368183938309307,0.1309301824978279,0.5575201686183343
low,2274,0.6186735196466097,0.3376536445876773,0.13347596934298878,0.12815489504482336,0.061983537780652895,0.01628660799653283,0.1312286037656682,0.5576536445876773
low,2275,0.625946394759575,0.33781118551151923,0.15754092384190344,0.12820697324806157,0.06186512138109908,0.0162077479723619,0.13153134290999657,0.5578111855115192
low,2276,0.6350350584368472,0.3379984453772913,0.18725986577206033,0.1282688085443925,0.06175786622244951,0.016132252546051565,0.13183951806439764,0.5579984453772913
low,2277,0.6376014504281099,0.3381945291722991,0.19608379500779538,0.12833325616139168,0.061654295417729474,0.016057876643981478,0.13214910094919646,0.5581945291722991
low,2278,0.6274427234234105,0.33835890136867053,0.16437219637144285,0.1283864262349403,0.06154001634981933,0.015980221240229804,0.13245223754368107,0.5583589013686705
low,2279,0.6183737026505607,0.33849512242772684,0.13622105905630733,0.1284295417098471,0.06141625689023668,0.01589971979177965,0.13274960403586333,0.5584951224277268
low,2280,0.6319335063778982,0.3386753999793043,0.18027755157745684,0.1284873190449568,0.06130882591042443,0.01582408608357267,0.13305516894035035,0.5586753999793043
low,2281,0.6198018804329039,0.3388177095534416,0.1423095741373004,0.12853168679620192,0.06118841042211258,0.015744540045104068,0.13335307229002302,0.5588177095534416
low,2282,0.6147469822077837,0.33894472838078094,0.12701882733934244,0.1285704056652886,0.06106310380506606,0.01566353309554927,0.13364768581487696,0.5589447283807809
low,2283,0.6145720533077348,0.33907207719935584,0.12734881857490166,0.12860881637294158,0.060938524819998216,0.015582712973391907,0.13394202303302405,0.5590720771993558
low,2284,0.5952159308571434,0.33913848708646166,0.06640988710582274,0.12862599491456472,0.06079249424662787,0.01549575135950633,0.13422424656576276,0.5591384870864616
low,2285,0.5955483530373904,0.3392070919363015,0.06860484983983728,0.12864348404237952,0.06064793269297565,0.015409161221060855,0.1345065139798854,0.5592070919363015
low,2286,0.5919387639775593,0.3392652699932248,0.05817805692331923,0.12865698243931756,0.06050023061265193,0.015321664475018051,0.1347863924662373,0.5592652699932248
low,2287,0.6016960495936869,0.33935580360424267,0.09053361101785118,0.12868108424360364,0.060364977473642875,0.015237609225847389,0.1350721326611487,0.5593558036042426
low,2288,0.5810848984977663,0.33938140911785875,0.025605513616078213,0.12868262812001452,0.06020663143251913,0.015147160014052682,0.1353449895512724,0.5593814091178587
low,2289,0.5923593442677907,0.33944439783370584,0.06298871584708987,0.12869646671339752,0.06006268959900522,0.015060593054454716,0.13562464846684835,0.5594443978337058
low,2290,0.6057884740935962,0.33955143779331154,0.10703995960570367,0.12872491333145902,0.05993541256965011,0.01497867662332309,0.13591243526887936,0.5595514377933115
low,2291,0.617817449776817,0.33969780322046916,0.14636542715762424,0.12876639626657477,0.0598229031143888,0.014901022621774798,0.1362074812177308,0.5596978032204691
low,2292,0.602198874464481,0.3397950917375955,0.09728851712631492,0.12879071505003126,0.05969324987097953,0.014818407139880224,0.13649271967670445,0.5597950917375955
low,2293,0.603915776950695,0.33989883927362197,0.10374753602648834,0.12881683312473496,0.05956654466605642,0.01473660676645179,0.1367788547163788,0.5598988392736219
low,2294,0.5749918510536476,0.3399109598331973,0.012120559575334866,0.12881131868005186,0.05940691045239212,0.014645754644705057,0.13704697605604826,0.5599109598331973
low,2295,0.5891059550696788,0.33996961871980613,0.05865888660883112,0.12882121815018832,0.059265087172237454,0.014559658795378287,0.13732365460200208,0.5599696187198061
low,2296,0.5948439846698788,0.34004775909075025,0.07814037094411308,0.12883734729058516,0.05913101894410726,0.014475676626146274,0.13760371622991152,0.5600477590907502
low,2297,0.5810335998136961,0.34008272941473117,0.0349703239809207,0.12883836168041046,0.058981752849743954,0.01438752004234014,0.1378750948422366,0.5600827294147311
low,2298,0.5889765637140771,0.34014435085162376,0.061621436892589365,0.12884803804785488,0.058842927329978464,0.014302165149285777,0.13815122032450455,0.5601443508516237
low,2299,0.5975970168413033,0.3402346474616611,0.09029661003734368,0.12886708922365797,0.05871519158547063,0.014219858580676988,0.13843250807185548,0.5602346474616611
low,2300,0.5979242936559113,0.3403269674861129,0.09232002445180854,0.12888643969787755,0.05858878259340371,0.014137908134932368,0.1387138370598992,0.5603269674861129
low,2301,0.5985168855490779,0.34042214716218755,0.0951796760746415,0.12890637799817994,0.05846399877375767,0.014056399387874584,0.1389953710023753,0.5604221471621875
low,2302,0.5748572404951823,0.3404425263648101,0.020379202622544668,0.12890044535751355,0.05831237203254884,0.013967566287382466,0.13926214268736525,0.5604425263648101
low,2303,0.5985755736485874,0.3405401015564682,0.0975751916580947,0.12892040523980441,0.05818970389716423,0.013886592888218231,0.1395433995312813,0.5605401015564682
low,2304,0.5687804208121655,0.3405431759468377,0.003074390369506297,0.1289078008345092,0.05803288833543342,0.01379637898564464,0.13980610779125036,0.5605431759468377
low,2305,0.5934369686422185,0.34062657549187436,0.08339954503666647,0.12892213267655978,0.05790630646619628,0.013714253804529397,0.14008388254458887,0.5606265754918743
low,2306,0.5751840179269943,0.34065250070153175,0.025925209657384762,0.1289165087789148,0.057759198029478,0.013626560001797725,0.14035023389134116,0.5606525007015317
low,2307,0.5809531156900678,0.340698138538866,0.04563783733424476,0.12891719548457997,0.05761999866667285,0.013540950992812578,0.14061999339480058,0.560698138538866
low,2308,0.5679213163798633,0.3407031174086852,0.004978869819205478,0.1289036636009805,0.057466379380261404,0.013451518159330954,0.14088155626811227,0.5607031174086852
low,2309,0.5630846118178361,0.34069386607169294,-0.009251336992255332,0.12888489631811212,0.057308120591219855,0.013360864423108569,0.14113998473925232,0.5606938660716929
low,2310,0.5749914001237872,0.34072418484225253,0.03031877055958976,0.1288791751294044,0.05716521491038541,0.013274181076127843,0.14140561372633487,0.5607241848422525
low,2311,0.5615763092172252,0.3407126311605342,-0.01155368171834592,0.1288588366330068,0.05700738053980707,0.013183602089826434,0.14166281189789387,0.5607126311605342
low,2312,0.5749071053879008,0.3407452246886499,0.0325935281156875,0.12885310245514814,0.05686660266292555,0.013097429465870274,0.14192809010470592,0.5607452246886498
low,2313,0.5738434688873407,0.34077557680520554,0.030352116555665276,0.1288462253228581,0.05672560643561507,0.013011184738430118,0.14219256030830224,0.5607755768052055
low,2314,0.5672111601204748,0.3407858229504641,0.01024614525857448,0.12883213378443542,0.056577765456008,0.012923137405934482,0.14245278630408614,0.5607858229504641
low,2315,0.5790458266673396,0.340835285911227,0.04946296076291379,0.12883099549296817,0.056445066554799236,0.01283905658423249,0.1427201672792271,0.560835285911227
low,2316,0.5868197438953665,0.3409107393721419,0.07545346091486493,0.128838341287845,0.056322502628002244,0.012757702373565993,0.14299219308272865,0.5609107393721419
low,2317,0.5600766752525103,0.3409013917141448,-0.009347657997094139,0.1288164905660361,0.05616911227081063,0.0126682297281751,0.14324755914912296,0.5609013917141448
low,2318,0.5435766599228982,0.340840287121702,-0.061104592442795536,0.12877670604181246,0.05599692288705192,0.012574061767390218,0.14349259642544732,0.560840287121702
low,2319,0.5580067818300636,0.34082715599270585,-0.013131128996146657,0.12875278402792462,0.055843458405397464,0.012484514432250099,0.1437463991271336,0.5608271559927058
low,2320,0.5533588087602866,0.34080041507037573,-0.02674092233012626,0.12872386398891184,0.055685533092741754,0.01239382965339763,0.14399718833532443,0.5608004150703757
low,2321,0.5503828193968229,0.3407654886992574,-0.03492637111834895,0.12869178505252987,0.05552518217864412,0.012302523843265661,0.1442459976248177,0.5607654886992574
low,2322,0.5776506202022654,0.34081955778388473,0.054069084627350605,0.12868955001683374,0.055398631367809356,0.012219883533170328,0.14451149286607123,0.5608195577838847
low,2323,0.5515490103626453,0.34079084618722955,-0.0287115966551843,0.1286588472705117,0.05524181563882617,0.012129455304205818,0.14476072797368583,0.5607908461872295
low,2324,0.5552680450281529,0.3407754831310268,-0.015363056202755132,0.12863229469154086,0.05509064887757263,0.012040423724995024,0.14501211583691825,0.5607754831310268
low,2325,0.5439075192061623,0.34072488514511723,-0.05059798590956177,0.12859342927403383,0.054926850553432646,0.011948256335072037,0.14525634898257866,0.5607248851451172
low,2326,0.5681561114243663,0.3407537250316911,0.028839886573872597,0.1285811346402118,0.05479346038178441,0.011863722597769993,0.1455154074119248,0.5607537250316911
low,2327,0.5495289452588717,0.3407238300992147,-0.02989493247640418,0.12854855671794813,0.0546386841649701,0.011773767030961474,0.14576282218533493,0.5607238300992147
low,2328,0.5358535228880609,0.34065125633803117,-0.07257376118352532,0.12850115887407465,0.05446840562581483,0.011680035948501706,0.14600165588963993,0.5606512563380311
low,2329,0.5699161286631045,0.3406898072516926,0.03855091366145036,0.12849106386633113,0.05434050749369344,0.011596861280275733,0.14626137461139221,0.5606898072516926
low,2330,0.5622638097969008,0.3407048701686328,0.015062916940200566,0.1284726514653025,0.05420442055337833,0.01151157580143447,0.14651622234851752,0.5607048701686328
low,2331,0.5452785500536655,0.34066647921828985,-0.03839095034297024,0.12843576548516317,0.054048853359776425,0.011421418246713083,0.1467604421266372,0.5606664792182898
low,2332,0.5429506960114454,0.34062198844955516,-0.04449076873469515,0.12839645180358428,0.05389160790048715,0.011330843013380429,0.1470030857321033,0.5606219884495551
low,2333,0.5670177567365695,0.34065631232072857,0.034323871173413956,0.12838351222971028,0.05376452879327916,0.011247827799039614,0.14726044349869954,0.5606563123207285
low,2334,0.5637267764267861,0.34068115368636187,0.024841365633299084,0.12836702170632824,0.05363445952389932,0.011164049257410547,0.1475156231987237,0.5606811536863618
low,2335,0.5623742862025338,0.34070277221052025,0.02161852415838439,0.1283491057103482,0.05350373488265743,0.011080109215419492,0.14776982240209513,0.5607027722105202
low,2336,0.5735436229205755,0.3407613749709756,0.05860276045532853,0.12834342873623023,0.05338729305886954,0.010999883750722333,0.14803076942515347,0.5607613749709756
low,2337,0.5493829416325923,0.34074332686944153,-0.018048101534051675,0.12831141185820444,0.05324275614786077,0.010912502119629595,0.14827665674374663,0.5607433268694415
low,2338,0.5380230848498557,0.34068998044913024,-0.05334642031129544,0.1282670994299855,0.053085471776064305,0.01082201634225139,0.148515392900829,0.5606899804491302
low,2339,0.5381727763575146,0.3406385537097325,-0.05142673939773079,0.12822308458167858,0.05292953540991112,0.010731848699847939,0.14875408501829485,0.5606385537097325
low,2340,0.554463429403058,0.3406410048891477,0.002451179415219329,0.12819697473320413,0.052794526983516096,0.010646808771997147,0.1490026944004303,0.5606410048891477
low,2341,0.5469865967786566,0.3406205923417357,-0.020412547412029802,0.1281627874608014,0.05265147690041151,0.010559780534309261,0.14924654744621346,0.5606205923417357
low,2342,0.5424995783163211,0.34058701684608494,-0.033575495650750575,0.12812380885696223,0.052504033193995256,0.010471682779122277,0.14948749201600509,0.5605870168460849
low,2343,0.5520489732497834,0.340585523738844,-0.0014931072409574142,0.12809536589185,0.052369262995271046,0.010386702607664187,0.14973419224405865,0.560585523738844
low,2344,0.5455121874551199,0.3405641920681852,-0.021331670658764068,0.1280598780784924,0.05222757335579799,0.010300023264003345,0.1499767173698915,0.5605641920681852
low,2345,0.5696756845692552,0.3406218177427368,0.05762567455158685,0.12805085798263316,0.05211598779760841,0.010220955722909549,0.1502340162395857,0.5606218177427368
low,2346,0.5492273931639337,0.3406146740677306,-0.00714367500620483,0.12801955799341008,0.05198067963575555,0.01013588787419209,0.15047854856437287,0.5606146740677306
low,2347,0.5586421265973972,0.34063902586966854,0.02435180193793851,0.12799862347093022,0.05185772857377209,0.01005392243307282,0.15072875139189335,0.5606390258696685
low,2348,0.5365799558658013,0.34059343463208525,-0.04559123758329786,0.12795368456378103,0.05170893886363813,0.009965615469376618,0.15096519573528944,0.5605934346320852
low,2349,0.5474284459439741,0.34058416599196417,-0.009268640121073979,0.1279207165515872,0.05157446606902623,0.00988078333555601,0.15120820003579466,0.5605841659919641
low,2350,0.5356525586266325,0.3405381692969027,-0.045996695061445436,0.12787500201993268,0.05142663936526136,0.009792729839753399,0.15144379807195524,0.5605381692969027
low,2351,0.5268396706065974,0.34046509993589136,-0.07306936101136863,0.1278198119575037,0.05126907585180708,0.009702389456806383,0.1516738226697742,0.5604650999358913
low,2352,0.5334280119943091,0.3404147707686481,-0.050329167243234885,0.12777197641920202,0.05112078463347809,0.009614227943174299,0.15190778177279368,0.5604147707686481
low,2353,0.534425412099101,0.3403690357182473,-0.04573505040084136,0.12772537390991862,0.050974815023859574,0.009526624061221518,0.1521422227232475,0.5603690357182473
low,2354,0.5431279257520829,0.34035270571691667,-0.016330001330611132,0.1276884062716181,0.050840555919236405,0.009441843124477996,0.1523819004015841,0.5603527057169166
low,2355,0.516565640556531,0.34025186965082943,-0.10083606608723983,0.12762257361806884,0.050674605231716616,0.00934964240437449,0.1526050483966695,0.5602518696508294
low,2356,0.5037175047324681,0.34011102210703437,-0.14084754379506403,0.12754292430923736,0.05049381208397637,0.00925414597045715,0.15282013974336345,0.5601110221070343
low,2357,0.5130165921586116,0.34000203289571185,-0.10898921132251882,0.12747366082095818,0.05032600755463877,0.009161517474015474,0.15304084704609944,0.5600020328957118
low,2358,0.5284039940823353,0.3399443833660426,-0.05764952966924586,0.12742139347868142,0.05017852537350122,0.009073540058296019,0.1532709244555639,0.5599443833660426
low,2359,0.5239080250998444,0.3398736007171833,-0.07078264885929109,0.12736437982885496,0.05002658622740598,0.008984538923842884,0.15349809573707945,0.5598736007171833
low,2360,0.5370533800282578,0.33984667996113216,-0.02692075605115196,0.12732187933485895,0.04989193971880605,0.008899611139134206,0.15373324976833286,0.5598466799611321
low,2361,0.5277519538300015,0.33979099862334916,-0.055681337782997886,0.12726936061984062,0.04974686932274368,0.008812239563650237,0.1539625291171146,0.5597909986233491
low,2362,0.5148586465827276,0.3396950172619958,-0.09598136135335888,0.1272029356263556,0.04958689463905559,0.00872146655993157,0.15418372043665302,0.5596950172619958
low,2363,0.521761690477586,0.33962288961350207,-0.0721276484937361,0.12714424251406947,0.04943668135657596,0.008632920217472695,0.15440904552538398,0.559622889613502
low,2364,0.5242624470819326,0.3395602717239261,-0.06261788957595549,0.12708845535781316,0.04929067557373283,0.008545355611382872,0.1546357851809972,0.5595602717239261
low,2365,0.5409798344052595,0.3395529748476316,-0.0072968762945269106,0.12705107440335278,0.04916627505865788,0.008462913098351357,0.15487271228726956,0.5595529748476316
low,2366,0.5183129103585626,0.3394736652774394,-0.07930957019219864,0.12698907917100655,0.04901489884846673,0.008374171981610876,0.15509551527635523,0.5594736652774394
low,2367,0.5235494409342044,0.3394127303839295,-0.060934893509889676,0.1269329843818105,0.04887113565768782,0.008287187707543046,0.15532142263688814,0.5594127303839295
low,2368,0.5098222360813847,0.3393087714145301,-0.10395896939940918,0.1268620844442574,0.04871135940647435,0.008196598302721014,0.1555387292610773,0.5593087714145301
low,2369,0.5195864050571304,0.33923794775123184,-0.0708236632982473,0.12680205117570076,0.048564934298023846,0.008109024680315248,0.15576193759719192,0.5592379477512318
low,2370,0.49938986029383126,0.3391031412612745,-0.1348064899573398,0.12672016723185253,0.04839431603721352,0.008016103759862128,0.1559725542323463,0.5591031412612745
low,2371,0.5212892307521312,0.3390408989328232,-0.062242328451311835,0.12666242164348557,0.048252351253589607,0.007929560480555979,0.156196565555192,0.5590408989328232
low,2372,0.49824953089117635,0.338905428505608,-0.13547042721517855,0.12657971682371993,0.048082608470290375,0.007836873126230035,0.15640623008536758,0.558905428505608
low,2373,0.49088198872124633,0.3387477190530689,-0.15770945253912316,0.1264892253058894,0.047904786614611714,0.007742479151352316,0.15661122798121535,0.5587477190530689
low,2374,0.5048580365983228,0.3386370994889165,-0.11061956415236995,0.1264142546024637,0.04774594430221234,0.007652166630713712,0.15682473395352675,0.5586370994889165
low,2375,0.48705452662349547,0.3384702745152026,-0.16682497371389715,0.12632008907210607,0.04756574327945311,0.007557311550230941,0.1570271306134124,0.5584702745152026
low,2376,0.4927952097971514,0.33832388397034685,-0.14639054485576786,0.12623247145530264,0.04739418007318914,0.007464278002175431,0.15723295443967955,0.5583238839703468
low,2377,0.49498558901187406,0.33818630272589467,-0.13758124445217845,0.12614750885102682,0.04722666499499677,0.007372116450652624,0.1574400124292185,0.5581863027258946
low,2378,0.49848837149757,0.338061743587334,-0.12455913856068701,0.12606662492644527,0.047064821597271975,0.007281183246519274,0.15764911381709745,0.558061743587334
low,2379,0.5204190191502134,0.3380097863315543,-0.05195725577966659,0.12600991044755933,0.046931626052976946,0.007196619769997685,0.1578716300610204,0.5580097863315543
low,2380,0.5044860055415319,0.33790755636637315,-0.10222996518116645,0.1259359863613393,0.04677952484016497,0.007107858957606336,0.15808418620726256,0.5579075563663731
low,2381,0.5036804442287222,0.33780421439592856,-0.10334197044459259,0.1258614074933423,0.04662753753146985,0.007019145624676801,0.1582961237464396,0.5578042143959285
low,2382,0.4962959534775516,0.3376784292626681,-0.1257851332604476,0.12577899881382282,0.04646736034057487,0.006928687215539714,0.15850338289273064,0.5576784292626681
low,2383,0.503460917947955,0.33757746737299366,-0.10096188967445574,0.1257046561824514,0.046317409249753624,0.006840456528920166,0.15871494541186837,0.5575774673729936
low,2384,0.5114162612832501,0.33750375178739656,-0.07371558559710056,0.12563921738814693,0.04617854265257727,0.006754695125218722,0.15893129662145355,0.5575037517873965
low,2385,0.5121968166328579,0.33743392556870044,-0.06982621869611183,0.125574828408146,0.04604167973460717,0.006669411510012588,0.1591480059159347,0.5574339255687004
low,2386,0.5089665681692856,0.3373549865994887,-0.07893896921173926,0.1255071106388514,0.045901791400171824,0.00658348670869819,0.1593625978517672,0.5573549865994887
low,2387,0.5128186458280668,0.33728989532758935,-0.06509127189935349,0.1254438003414552,0.04576775480126276,0.00649889573902275,0.15957944444584865,0.5572898953275893
low,2388,0.4959751893926386,0.3371715469812354,-0.11834834635393587,0.1253623072136973,0.04561354041907058,0.006409927039705637,0.1597857723087619,0.5571715469812354
low,2389,0.4967572793660828,0.33705727681677033,-0.11427016446508009,0.12528191422387336,0.04546145797198835,0.006321439689628609,0.15999246493128,0.5570572768167703
low,2390,0.5198122306009944,0.3370191821788012,-0.0380946379691105,0.12522691570506267,0.045339386450184885,0.006239612381349173,0.16021326764220445,0.5570191821788012
low,2391,0.5095957718002139,0.33694923049357905,-0.06995168522216932,0.1251609386206476,0.04520548791941144,0.006155164787942959,0.160427639165577,0.556949230493579
low,2392,0.515224228330818,0.33689881812162603,-0.050412371953023616,0.12510130160118832,0.045079608538288476,0.006072546229468338,0.16064536175268085,0.556898818121626
low,2393,0.47850865231973866,0.33673054218102294,-0.16827594060309092,0.12500179194432143,0.044908221619165134,0.005980227446139755,0.16084030117139664,0.5567305421810229
low,2394,0.4973987279860922,0.33662536931512554,-0.10517286589739605,0.12492319118714164,0.044762174922331824,0.005893216134224777,0.16104678707142728,0.5566253693151255
low,2395,0.4951361299391109,0.3365143218565956,-0.111047458529967,0.12484236032529598,0.044614346870718885,0.005805856027288933,0.16125175863329172,0.5565143218565956
low,2396,0.4954671010473682,0.33640583585741746,-0.10848599917812063,0.12476213546484675,0.044468033002966256,0.0057188500645996496,0.16145681732500478,0.5564058358574174
low,2397,0.5072515577225265,0.33633702383015684,-0.06881202726061186,0.12469500948095362,0.04433765237893228,0.005635330436685931,0.16166903153358497,0.5563370238301568
low,2398,0.47779270415848796,0.33617388561771644,-0.16313821244040572,0.12459594997797212,0.04417084166025269,0.005544149823645178,0.16186294415584646,0.5561738856177164
low,2399,0.4782218848383628,0.33601384511173404,-0.16004050598239505,0.124497658852408,0.04400581800633156,0.00545335741630823,0.16205701083668622,0.556013845111734
low,2400,0.48923342992890356,0.33589128366471843,-0.12256144701561222,0.12441167817338376,0.0438560976230446,0.005365745549611535,0.16225776231867856,0.5558912836647184
central,2026,1.4180417157458238,0.004074473651960009,4.074473651960009,0.0013920476751380778,0.0010910612432865618,0.0006543369230381443,0.0009370278104972145,0.22407447365196
central,2027,1.436873164988326,0.008201213462487367,4.126739810527358,0.0028016397274814864,0.0021854867886555163,0.0013279975968667757,0.0018860893494835988,0.22820121346248737
central,2028,1.4574703032169474,0.012386501452375437,4.18528798988807,0.004230743960508057,0.0032841436222079273,0.0020232588121142717,0.0028483550575451842,0.23238650145237544
central,2029,1.4760124793098088,0.01662291635832308,4.236414905947644,0.005676956096974953,0.004385552885367627,0.002737959751705203,0.003822447624275308,0.23662291635832308
central,2030,1.4922842003302534,0.02090225729763892,4.27934093931584,0.007137632451361023,0.005488179930774259,0.0034695980730216416,0.0048068468424819905,0.24090225729763892
central,2031,1.5045588359047959,0.02521010611086605,4.307848813227127,0.008608163599676907,0.006589548586180757,0.004213511662391249,0.005798882262617142,0.24521010611086605
central,2032,1.5218524506380349,0.029564531089565055,4.354424978699006,0.010094257361549869,0.0076924975234412135,0.004975880576121812,0.006801895628452154,0.24956453108956506
central,2033,1.5237960919360694,0.03391013308979293,4.345602000227878,0.011578326445586665,0.00878808299924684,0.005738076119454594,0.0078056475255048365,0.25391013308979293
central,2034,1.5502441997088443,0.03833542023431971,4.425287144526779,0.013088381741123672,0.00989031260818403,0.006530252030548779,0.00882647385446323,0.2583354202343197
central,2035,1.5690731710139714,0.042812800663029144,4.4773804287094325,0.014615641417307854,0.010994592770322636,0.007343280770178616,0.009859285705220065,0.26281280066302914
central,2036,1.5839595656390966,0.04732795972991585,4.515159066886709,0.016155550516845946,0.012098586848527923,0.00817237432984319,0.010901448034698787,0.26732795972991585
central,2037,1.6028626311756002,0.05189546349887872,4.567503768962866,0.017712663379569935,0.013204366162667472,0.009022800527844717,0.011955633428796575,0.2718954634988787
central,2038,1.617906533437659,0.05650125982300305,4.605796324124334,0.019282520379557064,0.014309703864467851,0.00988977314646134,0.013019262432516793,0.27650125982300305
central,2039,1.620413486231194,0.061099705215220984,4.598445392217931,0.020850757162736835,0.015407873036869746,0.01075710318251711,0.014083971833097304,0.281099705215221
central,2040,1.6251349093613272,0.06569891777908346,4.599212563862476,0.022419909181541964,0.016500099692307493,0.01162767156135866,0.015151237343875357,0.28569891777908346
central,2041,1.6169939601986028,0.0702521363219272,4.55321854284374,0.023975273966964528,0.017579599281953226,0.012484780443081635,0.01621248262992783,0.2902521363219272
central,2042,1.622651954008111,0.07480973997096893,4.557603649041731,0.025532661131639614,0.018653804254380568,0.013346364253809896,0.01727691033113883,0.29480973997096893
central,2043,1.6124215572003742,0.07931396548816169,4.504225517192761,0.02707390673663536,0.019714294648224245,0.014191837684213657,0.018333926419088445,0.2993139654881617
central,2044,1.6240528077727665,0.0838445233988305,4.530557910668809,0.028624041640556708,0.02077282174777398,0.015049550567573455,0.019398109442926352,0.3038445233988305
central,2045,1.6215448536433017,0.08834993489369444,4.505411494863942,0.030166881354318886,0.021821875770856272,0.015901148483965705,0.020460029284553594,0.30834993489369444
central,2046,1.6379642790502276,0.09289921987890506,4.5492849852106225,0.03172407801222109,0.02287152096490247,0.01677131544746363,0.021532305454317884,0.31289921987890507
central,2047,1.6329861243951667,0.0974143505236292,4.515130644724142,0.033271136217209216,0.023910478625465456,0.017632068535625614,0.022600667145328927,0.3174143505236292
central,2048,1.647831768809255,0.1019677136579196,4.5533631342903895,0.034830740706656343,0.024949205763761,0.018509434789159007,0.02367833239834325,0.3219677136579196
central,2049,1.659988013050148,0.10654947289003078,4.581759232111182,0.036399782033837494,0.0259862269903436,0.01939996075458321,0.024763503111266495,0.3265494728900308
central,2050,1.6511999149770364,0.11108312215939434,4.5336492693635595,0.03795429684514315,0.027010734412305837,0.02027587868242267,0.025842212219522702,0.33108312215939434
central,2051,1.6578536169352882,0.1156252150592321,4.542092899837757,0.03951197441636878,0.028030798930394715,0.02115768386622209,0.02692475784624649,0.3356252150592321
central,2052,1.6439477927692465,0.12010073458921541,4.475519529983318,0.04104930910977257,0.02903580997867862,0.022018183991475038,0.027997431509289183,0.3401007345892154
central,2053,1.6380718783440478,0.12453924962709348,4.438515037878066,0.042575536087566423,0.030030019737006017,0.02286810183628543,0.029065591966235607,0.3445392496270935
central,2054,1.6406232769092683,0.1289716277570124,4.4323781299189235,0.044100318300926825,0.031017916798143738,0.023718532724859076,0.030134859933082764,0.3489716277570124
central,2055,1.62771843996322,0.13334161683591098,4.369989078898573,0.04560599560859642,0.03199143271274661,0.024549257877028066,0.031194930637539864,0.353341616835911
central,2056,1.6235064913887514,0.13768112880715846,4.339511971247489,0.04710255732558759,0.03295523068498882,0.025371736348470536,0.03225160444811151,0.35768112880715847
central,2057,1.6335662106566702,0.1420422434200028,4.3611146128443306,0.04860633997397924,0.03391692642901904,0.026204579319815305,0.033314397697189226,0.3620422434200028
central,2058,1.645498810583707,0.1464317837328251,4.389540312822293,0.05011946335757782,0.034877467546720706,0.02705029725633555,0.034384555572191035,0.3664317837328251
central,2059,1.6320524274404087,0.1507571989538035,4.325415220978401,0.05161289623648806,0.03582358040852415,0.02787556764918009,0.0354451546596112,0.3707571989538035
central,2060,1.6317480425342241,0.155066620870056,4.309421916252498,0.05310171429585149,0.03676225521208398,0.028697689760075196,0.03650496160204534,0.375066620870056
central,2061,1.6312822023336535,0.15935954293077362,4.29292206071763,0.054585746200530375,0.03769346408386366,0.029516463443668498,0.037563869202711084,0.3793595429307736
central,2062,1.6259266087345674,0.1636182478140676,4.258704883293996,0.056059417335654074,0.03861468218578376,0.03032553016698604,0.03861861812564373,0.3836182478140676
central,2063,1.6147005825193925,0.16782153936576852,4.2032915517009055,0.05751604823757438,0.0395228458138136,0.03111734825490481,0.039665297059475746,0.3878215393657685
central,2064,1.6157535517512058,0.17201429053352144,4.192751167752917,0.05896972073032554,0.04042458574197637,0.031907887576720445,0.04071209648449906,0.39201429053352144
central,2065,1.6137394761552906,0.17618541317488787,4.1711226413664315,0.06041693807241637,0.04131831347502367,0.032693189990225496,0.041756971637222313,0.39618541317488787
central,2066,1.6024452370863262,0.1803012950722894,4.11588189740153,0.06184711280602241,0.042199100469827694,0.03346134498540233,0.042793736811036966,0.4003012950722894
central,2067,1.6109924010572363,0.18443422734301365,4.132932270724254,0.0632829695134992,0.04307770794071103,0.03423792577528999,0.04383562411351344,0.40443422734301365
central,2068,1.6099104156518012,0.18854919938250517,4.114972039491516,0.06471348721849125,0.043948976923298105,0.03501052397460869,0.04487621126610713,0.40854919938250517
central,2069,1.6052961398834826,0.19263346550871038,4.0842661262052165,0.06613464427201955,0.04481106459909262,0.03577461250671658,0.045913144130881614,0.4126334655087104
central,2070,1.6132896483946004,0.19673296112051805,4.099495611807669,0.0675608763151219,0.04567080968367203,0.03654644519420773,0.046954829927516414,0.41673296112051805
central,2071,1.6158124359712027,0.20082778811050825,4.094826989990197,0.0689859165953315,0.046525289005449846,0.03731896364152272,0.04799761886820415,0.42082778811050825
central,2072,1.5974937694943367,0.20484227233797206,4.014484227463811,0.07038594971305266,0.04736334495405441,0.038065361633480274,0.0490276160373847,0.42484227233797206
central,2073,1.5952587317617908,0.2088351387826793,3.992866444707255,0.07177942840731456,0.04819374215139717,0.0388064172632069,0.050055550960760684,0.4288351387826793
central,2074,1.5915462134099456,0.21280112613816568,3.9659873554863667,0.07316468285576218,0.04901573320669482,0.03954027027876403,0.05108043979694467,0.4328011261381657
central,2075,1.586739774833301,0.21673638667528985,3.9352605371241745,0.07454048636169806,0.0498287787324843,0.04026556662305003,0.05210155495805746,0.43673638667528986
central,2076,1.5872662213636493,0.22066038595934753,3.9239992840576776,0.07591296065365168,0.05063585781773998,0.040989113690632684,0.053122453797323194,0.44066038595934753
central,2077,1.580645302573804,0.224547277891654,3.8868919323064577,0.07727394682615417,0.05143310040010925,0.04170185914068336,0.05413837152470721,0.444547277891654
central,2078,1.5647804073526237,0.2283637640900644,3.816486198410407,0.07861291315791101,0.05221543464277208,0.0423922680328416,0.05514314825653968,0.4483637640900644
central,2079,1.572078784679729,0.2321939628499868,3.8301987599224097,0.07995639487423666,0.052995802456960575,0.043089533154828163,0.05615223236396143,0.4521939628499868
central,2080,1.5775290543019918,0.2360311738807672,3.8372110307803853,0.0813022669509411,0.053773177003131126,0.04379134054451218,0.05716438938218278,0.4560311738807672
central,2081,1.5910517776043276,0.2399046752084095,3.8735013276423036,0.08265974821977194,0.05455198003584878,0.044507947712970966,0.05818499923981779,0.4599046752084095
central,2082,1.5791955645502762,0.2437223717856227,3.817696577213203,0.08399980101291578,0.05531830148306745,0.04520713133969917,0.059197137949940304,0.4637223717856227
central,2083,1.578178971333216,0.24752376895880182,3.801397173179122,0.08533486326297397,0.05607816861573629,0.045902700448123515,0.06020803663196804,0.4675237689588018
central,2084,1.5707878759881833,0.2512858599230807,3.7620909642788747,0.08665766408335197,0.05682810826583816,0.04658664126717035,0.06121344630672018,0.4712858599230807
central,2085,1.5750605016796109,0.25505103513809846,3.7651752150177353,0.08798156847360482,0.05757464213029713,0.04727367869652695,0.06222114583766952,0.47505103513809843
central,2086,1.5619787562770575,0.2587564868221093,3.7054516840108187,0.08928673971371116,0.058308171914890836,0.04794201082156285,0.06321956437194441,0.47875648682210925
central,2087,1.5562561028304862,0.2624290898026874,3.672602980578199,0.09058164171776396,0.05903285761610223,0.048600977341863166,0.0642136131269581,0.48242908980268745
central,2088,1.5567598285950417,0.2660914909230855,3.662401120398062,0.09187341968839326,0.059752251235224554,0.049258374549627865,0.06520744544983982,0.4860914909230855
central,2089,1.5638201946672154,0.2697674589505138,3.6759680274283113,0.09316957585461753,0.06047005713323285,0.04992239340829538,0.06620543255436806,0.4897674589505138
central,2090,1.5575770347273785,0.27340885401178794,3.6413950612740886,0.09445489367757849,0.061178853301308164,0.05057640391791178,0.06719870311498945,0.4934088540117879
central,2091,1.5687613693885147,0.2770788533492844,3.6699993374964546,0.09574932126065801,0.06188843320839986,0.051242220798486365,0.06819887808174013,0.49707885334928437
central,2092,1.5623956277152928,0.28071388695660304,3.6350336073186496,0.09703277534587361,0.06258901260795376,0.051897845434826284,0.06919425356794937,0.500713886956603
central,2093,1.5705568414624502,0.28436665936027405,3.652772403671012,0.09832188952084249,0.06328874082887344,0.052561512133616,0.07019451687694214,0.504366659360274
central,2094,1.5688309364199913,0.28800135066488064,3.6346913046065854,0.09960534804954864,0.063982129438599,0.053220799295997975,0.07119307388073495,0.5080013506648806
central,2095,1.5710999658458178,0.29163250249676353,3.631151831882895,0.10088773273037373,0.06467144227671888,0.05388073867275027,0.07219258881692064,0.5116325024967635
central,2096,1.5639573381365621,0.29522608306402087,3.5935805672573373,0.1021582904518716,0.06535148466421252,0.05452952123271225,0.07318678671522451,0.5152260830640208
central,2097,1.5674121763950921,0.2988205886565788,3.5945055925579172,0.10342916639503207,0.06602821822045722,0.05518046853422118,0.07418273550686834,0.5188205886565788
central,2098,1.5609550726691552,0.30238017282557017,3.559584168991381,0.10468903171695386,0.06669614891614188,0.05582116593466373,0.07517382625781062,0.5223801728255701
central,2099,1.5390500980526411,0.3058491850331787,3.469012207608535,0.10592026316696558,0.06734659331656938,0.05643256546327452,0.07614976308636916,0.5258491850331787
central,2100,1.5517760916207164,0.30935305873030494,3.5038736971262363,0.10716252080548365,0.06799923567416795,0.057057660527140536,0.07713364172351277,0.5293530587303049
central,2101,1.540442334482584,0.31280479544783435,3.451736717529408,0.10838827627116236,0.06864044789362071,0.057666653359729855,0.07810941792332142,0.5328047954478343
central,2102,1.5414802224866968,0.3162492725898882,3.44447714205387,0.1096117157360867,0.06927731721083304,0.05827489569239114,0.07908534395057737,0.5362492725898882
central,2103,1.5484984083048114,0.31970813236781814,3.4588597779299235,0.11083968044347482,0.0699132603687986,0.05888978496829218,0.08006540658725247,0.5397081323678181
central,2104,1.5522818620053622,0.3231696687149638,3.461536347145633,0.11206846062735674,0.0705464437637461,0.05950731727670888,0.08104744704715201,0.5431696687149637
central,2105,1.5477047253673757,0.3266036813094836,3.4340125945198086,0.11328849899741274,0.07117217628825491,0.06011711551922298,0.08202589050459295,0.5466036813094836
central,2106,1.5398323685345594,0.3299983899181109,3.3947086086273393,0.11449605456431676,0.0717886345859138,0.0607151586234336,0.08299854214444678,0.5499983899181109
central,2107,1.536062846105108,0.33336876724185793,3.370377323747009,0.11569585194682454,0.0723982044994786,0.0613065703882293,0.08396814040732549,0.5533687672418579
central,2108,1.5219585703757867,0.3366776518734256,3.3088846315676435,0.11687610216454879,0.0729949942452824,0.061878758309577994,0.08492779715401638,0.5566776518734255
central,2109,1.5129404989851336,0.3399436438040321,3.2659919306065044,0.11804267387149024,0.07358196985879824,0.062438091363267154,0.08588090871047646,0.559943643804032
central,2110,1.5098285096305695,0.3431881879226062,3.244544118574111,0.1192023559571495,0.07416261862105654,0.06299179724345357,0.08683141610094658,0.5631881879226062
central,2111,1.5091989969135242,0.34642031201975154,3.23212409714535,0.12035800522231595,0.0747384338099356,0.0635428972308893,0.08778097575661062,0.5664203120197515
central,2112,1.5053906631455216,0.3496286322828073,3.2083202630557306,0.12150600025098994,0.07530759504893601,0.06408756799292728,0.08872746898995396,0.5696286322828072
central,2113,1.504710697928056,0.3528245059403575,3.195873657550252,0.12264993819076205,0.07587198018594933,0.06462960448006784,0.08967298308357824,0.5728245059403575
central,2114,1.5028448012315072,0.3560037234612914,3.1792175209338636,0.12378847528305302,0.07643093075400469,0.0651675894637697,0.09061672796046392,0.5760037234612914
central,2115,1.5000333571824316,0.3591629561570565,3.159232695765124,0.12492054633330994,0.07698393139051792,0.06570040419462113,0.09155807423860751,0.5791629561570565
central,2116,1.4906742297196125,0.36227874803324855,3.1157918761920422,0.12603868674918006,0.07752715644481466,0.06622024671096578,0.09249265812828802,0.5822787480332485
central,2117,1.4780865495636353,0.3653396941523891,3.0609461191405396,0.12713924655796938,0.07805870808203093,0.06672340849446294,0.09341833101792585,0.5853396941523891
central,2118,1.4804254653823508,0.3683996142502478,3.059920097858715,0.12823933495681217,0.07858756941514024,0.06722766095623575,0.09434504892205968,0.5883996142502478
central,2119,1.4614338432736405,0.37138197809826345,2.9823638480156456,0.12931457553496256,0.07910092735743869,0.06770788430435452,0.09525859090150762,0.5913819780982634
central,2120,1.4544788539592104,0.37433028216358044,2.9483040653169867,0.13037879543795894,0.07960610317621163,0.06817839485131914,0.0961669886980907,0.5943302821635804
central,2121,1.47843847631882,0.37735553123981846,3.0252490762380235,0.13146735713821484,0.08012187352434726,0.06867544566645205,0.09709085491080431,0.5973555312398184
central,2122,1.47403097184381,0.38035570977528466,3.0001785354661914,0.13254777151421288,0.0806310342962651,0.06916563443661246,0.09801126952819418,0.6003557097752846
central,2123,1.458402815641991,0.38329068153815227,2.934971762867611,0.13360723824204884,0.08112683143188186,0.06963585783089274,0.09892075403332873,0.6032906815381522
central,2124,1.453791909216537,0.3862002142425732,2.9095327044209585,0.13465840831474762,0.08161600392523767,0.07009914267091115,0.0998266593316768,0.6062002142425732
central,2125,1.4642505699299,0.38913842601897153,2.938211776398303,0.1357185277994825,0.08210777367508572,0.07057309075462413,0.10073903378977914,0.6091384260189715
central,2126,1.446011474527333,0.39200237539250005,2.863949373528518,0.1367547736909438,0.08258463293274752,0.07102422679256128,0.10163874197624748,0.6120023753925
central,2127,1.429985693843044,0.3948003393410342,2.7979639485341545,0.13776974370193312,0.0830479061642984,0.07145542300375772,0.10252726647104492,0.6148003393410342
central,2128,1.4340765390924597,0.39760454215135976,2.8042028103255623,0.13878648905031898,0.08351016006134944,0.07188986846840202,0.1034180245712893,0.6176045421513597
central,2129,1.4221070015693829,0.40035753814378505,2.752995992425289,0.13978664994054024,0.08396138918593198,0.07230919090307242,0.1043003081142404,0.620357538143785
central,2130,1.4157913920879401,0.40307974911376354,2.722210969978489,0.14077673538881064,0.08440517625851322,0.07271994637309297,0.10517789109334667,0.6230797491137635
central,2131,1.4168681209015113,0.4057977076515955,2.717958537831966,0.14176522256873003,0.08484622807664284,0.07313055266066011,0.10605570434556248,0.6257977076515955
central,2132,1.4138183350605527,0.4084966976375335,2.698989985937983,0.14274740003003145,0.08528196380870078,0.0735363370656126,0.10693099673318865,0.6284966976375335
central,2133,1.4236978532914701,0.41122299417461583,2.72629653708234,0.14373806214799306,0.0857205606608221,0.07395198217304726,0.10781238919275342,0.6312229941746158
central,2134,1.4227492392156473,0.4139378203311659,2.714826156550054,0.1447248096723881,0.08615518935344181,0.07436516172487925,0.10869265958045676,0.6339378203311659
central,2135,1.421331356905111,0.4166395496609574,2.7017293297915135,0.14570711748121568,0.0865855855226479,0.07477535098291167,0.10957149567418215,0.6366395496609574
central,2136,1.4036650571282823,0.4192702076508149,2.63065798985751,0.14666642863941592,0.08700150296894042,0.07516421005000981,0.11043806599244867,0.6392702076508149
central,2137,1.401359626837137,0.4218849197418225,2.6147120910076094,0.14762036413111718,0.08741275147680404,0.07554918620466809,0.11130261792923317,0.6418849197418225
central,2138,1.3869636334206135,0.42444063240840924,2.555712666586718,0.14855512152893757,0.08781159581687147,0.07591682283215839,0.11215709223044178,0.6444406324084092
central,2139,1.3908049878932223,0.42700260192326744,2.561969514858209,0.14949159831073283,0.08820984872405686,0.07628750216179067,0.11301365272668702,0.6470026019232674
central,2140,1.360086229343508,0.4294477043340861,2.4451024108186337,0.1503902922919519,0.08858500955009281,0.07662314430841798,0.11384925818362342,0.649447704334086
central,2141,1.3620172581759453,0.4318926411765689,2.4449368424828144,0.151288625466176,0.08895855871051438,0.07695977023201757,0.11468568676786094,0.6518926411765689
central,2142,1.3597644291072504,0.43432253517164465,2.4298939950757603,0.15218181731239522,0.08932774769009998,0.07729282138564365,0.11552014878350585,0.6543225351716446
central,2143,1.3578860910772468,0.4367387810296669,2.416245858022248,0.15307031050987663,0.08969285503377354,0.07762272050222793,0.11635289498378874,0.6567387810296669
central,2144,1.342703782376949,0.4390941359938769,2.3553549642100213,0.15393891394542208,0.09004504556085714,0.07793511947943758,0.11717505700816015,0.6590941359938769
central,2145,1.356698479732542,0.44149255885051386,2.398422856636939,0.1548210295967009,0.09040384912592157,0.0782615880538029,0.11800609207408842,0.6614925588505138
central,2146,1.3434448953648301,0.44383702833468686,2.344469484172995,0.15568547796398446,0.0907510668713689,0.07857265376837629,0.11882782973095714,0.6638370283346868
central,2147,1.3393352778642338,0.4461602605994376,2.3232322647507297,0.15654275977307502,0.09109285718736322,0.07887827251709437,0.11964637112190497,0.6661602605994376
central,2148,1.3250337479513141,0.44842615340885883,2.265892809421244,0.15738124759995348,0.09142235167922359,0.07916763071532135,0.12045492341436036,0.6684261534088588
central,2149,1.3289901040947487,0.4506997471800749,2.2735937712160537,0.15822186129720472,0.09175199730936041,0.07946022449164965,0.12126566408186,0.6706997471800749
central,2150,1.3136101180425184,0.45291239967879404,2.2126524987191587,0.15904249611411847,0.09206861685726574,0.07973558569356695,0.12206570101384286,0.672912399678794
central,2151,1.3036212354177736,0.4550834916608708,2.171091982076767,0.15984937039426989,0.09237591530272592,0.07999957173809459,0.12285863422578035,0.6750834916608708
central,2152,1.282540388986269,0.457173919292849,2.090427631978198,0.16062984692341342,0.09266612890906971,0.08024087043872004,0.12363707302164577,0.677173919292849
central,2153,1.3030685909849296,0.45933136359470783,2.157444301858824,0.1614315543219007,0.09296844848157897,0.08050259597171554,0.12442876481951258,0.6793313635947078
central,2154,1.2842995248875682,0.4614163914170788,2.085027822370966,0.1622095207665668,0.09325534247964708,0.08074402409299374,0.12520750407787123,0.6814163914170788
central,2155,1.2969157906978004,0.46354043595179695,2.1240445347181502,0.16299968303945978,0.09354885779187348,0.08099767357328162,0.12599422154718204,0.6835404359517969
central,2156,1.3036701975550082,0.46568261929806587,2.142183346268922,0.16379530702798134,0.09384480365931296,0.08125750372163461,0.12678500488913697,0.6856826192980658
central,2157,1.3006515491998,0.4678082485315527,2.125629233486803,0.16458520792127262,0.09413638097863362,0.08151332315687017,0.1275733364747762,0.6878082485315526
central,2158,1.2905694444746785,0.4698923679589153,2.0841194273626407,0.16536132954946858,0.09441868983808806,0.08175783987608527,0.12835450869527332,0.6898923679589153
central,2159,1.2907827807693626,0.4719716048367322,2.079236877816859,0.16613547750020652,0.09469897636310841,0.08200176181801726,0.12913538915539996,0.6919716048367321
central,2160,1.2873686172031622,0.47403313592340646,2.061531086674284,0.16690351169843815,0.09497471474638257,0.08224134979458105,0.12991355968400464,0.6940331359234064
central,2161,1.271244451736483,0.47603205173225716,1.9989158088506986,0.16765092389557001,0.09523694244032187,0.08246363694436075,0.1306805484520045,0.6960320517322571
central,2162,1.2585110701496751,0.47798061833176375,1.948566599506596,0.1683816481931823,0.09548804974448409,0.08267229820002193,0.13143862219407543,0.6979806183317637
central,2163,1.2589054889315876,0.479925443167065,1.9448248353012287,0.1691107354714093,0.0957375088810203,0.08288066108471336,0.13219653772992196,0.699925443167065
central,2164,1.279204948123616,0.4819369536436997,2.011510476634726,0.16986093902506083,0.09599951111010967,0.08310893833415255,0.13296756517437663,0.7019369536436997
central,2165,1.2676811453727768,0.48390234357773076,1.9653899340310588,0.170595829079701,0.09625131802870711,0.08332471473423882,0.13373048173508384,0.7039023435777307
central,2166,1.28317767051131,0.48591738855897226,2.0150449812414983,0.1713463297629148,0.09651216966727684,0.08355558365876421,0.13450330547001632,0.7059173885589722
central,2167,1.2779139237397228,0.4879084522523308,1.9910636933585524,0.1720886704478662,0.09676730046538608,0.08378029064516347,0.13527219069391505,0.7079084522523308
central,2168,1.2806320532683932,0.4899038765942785,1.9954243419476603,0.172831996593179,0.09702238876336795,0.08400703039202297,0.13604246084570848,0.7099038765942784
central,2169,1.2616901038138517,0.49182702148685487,1.9231448925763894,0.17355155100727143,0.09726204365163905,0.08421375172460761,0.13679967510333674,0.7118270214868548
central,2170,1.2651667535155167,0.49375745083697875,1.9304293501238856,0.17427302286555413,0.09750234353404007,0.0844232979845393,0.13755878645284525,0.7137574508369787
central,2171,1.2479966765090742,0.4956221597087358,1.8647088717570481,0.17497281043052004,0.09772843464930521,0.0846148852730886,0.13830602935582192,0.7156221597087358
central,2172,1.250373068772074,0.49749047251479694,1.8683128060611454,0.17567331447931522,0.09795450787016467,0.08480820877995583,0.13905444138536122,0.7174904725147969
central,2173,1.2488035295340156,0.4993484390527332,1.8579665379362398,0.17637002332884177,0.09817770560010385,0.08499931885283997,0.1398013912709476,0.7193484390527332
central,2174,1.2415279049524912,0.5011759456137478,1.8275065610146024,0.17705642658213366,0.09839389885811901,0.08518254440550745,0.14054307576798758,0.7211759456137478
central,2175,1.2582839571333118,0.5030580100120613,1.88206439831351,0.1777600184571942,0.0986205586377943,0.08538191399753405,0.14129551891953868,0.7230580100120613
central,2176,1.25497353463619,0.5049235367789348,1.8655267668734599,0.17845781672975786,0.09884309190379441,0.08557729104659716,0.1420453370987853,0.7249235367789347
central,2177,1.2557604453975517,0.5067870714889657,1.8635347100309785,0.17915452061955572,0.09906448042159378,0.0857728071282652,0.142795263319551,0.7267870714889657
central,2178,1.2640113423396622,0.5086750138694698,1.8879423805040485,0.1798586635233166,0.09929008919295686,0.08597598764059632,0.1435502735125999,0.7286750138694698
central,2179,1.2418843634155616,0.5104799167326513,1.8049028631814679,0.18053550661429635,0.09949798545812986,0.08615631172396608,0.14429011293625887,0.7304799167326512
central,2180,1.2461233836490904,0.5122952474409378,1.8153307082865444,0.18121526046242586,0.09970736621387676,0.08634025341313036,0.14503236735150477,0.7322952474409378
central,2181,1.255961556504439,0.5141407636372217,1.845516196283925,0.181904315782824,0.09992225132832068,0.08653342834098675,0.14578076818509023,0.7341407636372217
central,2182,1.2221615085569397,0.5158622419202095,1.7214782829877429,0.1825527737475096,0.10011079321651396,0.0866924550810494,0.14650621987513646,0.7358622419202094
central,2183,1.2240870578122003,0.5175862778360715,1.72403591586201,0.18320157960287353,0.10029931011640782,0.08685283588082056,0.14723255223596954,0.7375862778360714
central,2184,1.221638411180296,0.5192974324615978,1.71115462552629,0.1838457332739285,0.10048456394897988,0.08701028659095293,0.1479568486477364,0.7392974324615977
central,2185,1.217781965576318,0.5209907903090546,1.6933578474568334,0.18448363913951876,0.1006655299920743,0.0871634494685896,0.14867817170887188,0.7409907903090546
central,2186,1.2174431248296609,0.5226788270700542,1.6880367609996005,0.18511933517035406,0.1008448520166522,0.08731577174190565,0.14939886814114228,0.7426788270700542
central,2187,1.2011249785028049,0.5243052260708249,1.626399000770662,0.1857345656167277,0.1010105753767832,0.08745179965502599,0.150108285422288,0.7443052260708248
central,2188,1.227924302660717,0.5260222582303732,1.7170321595483262,0.18637866606086356,0.10119500447728057,0.08761341289340181,0.1508351747988272,0.7460222582303732
central,2189,1.230683285249761,0.5277448263962826,1.7225681659094327,0.1870240793409751,0.10138004666245205,0.0877772007231944,0.15156349966966098,0.7477448263962826
central,2190,1.2224960631534574,0.5294342847785309,1.6894583822483211,0.18765829175789056,0.10155762254925062,0.08793240870388737,0.15228596176750236,0.7494342847785309
central,2191,1.2331599471688406,0.5311572804994323,1.722995720901399,0.18830287943534668,0.10174169525356876,0.08809757405699499,0.15301513175352188,0.7511572804994323
central,2192,1.224320259566307,0.5328448651886708,1.6875846892384638,0.18893552293360716,0.10191783921902843,0.0882534995159988,0.15373800352003636,0.7528448651886708
central,2193,1.216039156158815,0.5344991526968348,1.6542875081639874,0.18955689476083548,0.10208648330447591,0.08840082167600337,0.15445495295551998,0.7544991526968348
central,2194,1.2205434833054236,0.5361653666280876,1.666213931252769,0.1901816390424393,0.10225717778684969,0.08855204282827243,0.1551745069705261,0.7561653666280875
central,2195,1.2194124894257443,0.5378235889435963,1.6582223155087172,0.19080330577594745,0.10242571985034178,0.08870165607992518,0.15589290723738186,0.7578235889435962
central,2196,1.2137145265630833,0.539457743738575,1.6341547949787483,0.1914166843612311,0.10258872455248595,0.08884522507378818,0.15660710975106978,0.759457743738575
central,2197,1.2138985881505908,0.5410886659029153,1.6309221643402427,0.1920285207923711,0.10275061268076781,0.08898849423646783,0.1573210381933085,0.7610886659029152
central,2198,1.2232051540380804,0.5427485485988914,1.659882695976167,0.19264924519472215,0.1029181707563837,0.08914035826189241,0.15804077438589315,0.7627485485988914
central,2199,1.236520792142557,0.5444514602963727,1.7029116974812686,0.19328341397090015,0.10309424130625221,0.08930481720211313,0.15876898781710713,0.7644514602963727
central,2200,1.217620709614998,0.5460835549296499,1.6320946332771813,0.19389417074197185,0.10325501300229313,0.08945017455509942,0.1594841966302854,0.7660835549296499
central,2201,1.2224703492594042,0.5477288939727795,1.645339043129579,0.19450872493900556,0.10341814702693365,0.08959978080850979,0.16020224119833043,0.7677288939727794
central,2202,1.235035906303889,0.5494146721327327,1.6857781599531885,0.19513588390352715,0.10358928399002389,0.08976124034842538,0.16092826389075615,0.7694146721327326
central,2203,1.2087589987772063,0.5510036945607162,1.589022427983533,0.19573122023383388,0.10373963348721112,0.08989647554078058,0.16163636529889053,0.7710036945607162
central,2204,1.2077853628562392,0.5525855826862718,1.5818881255555972,0.19632374287643006,0.10388809676769871,0.09003031881540323,0.16234342422673975,0.7725855826862718
central,2205,1.210291075748844,0.5541726313436545,1.5870486573826836,0.1969174362690675,0.10403729470735158,0.09016613954790013,0.16305176081933526,0.7741726313436544
central,2206,1.1915487255955075,0.555689935881576,1.5173045379215377,0.19748801356612217,0.10417121222836002,0.09028350109559445,0.1637472089914993,0.775689935881576
central,2207,1.1890790115739422,0.5571951028930836,1.5051670115076021,0.19805413811201777,0.10430222080326372,0.09039811965024873,0.1644406243275533,0.7771951028930836
central,2208,1.184802453724678,0.5586818154957086,1.4867126026250066,0.19861375766452594,0.10442895911039503,0.0905082953264887,0.16513080339429892,0.7786818154957086
central,2209,1.200881151854116,0.560221847916567,1.5400324208584282,0.199190153959032,0.10456692857213391,0.09063344722508514,0.16583131816031593,0.780221847916567
central,2210,1.1943787919391675,0.56173545318069,1.5136052641229192,0.19975747213850809,0.10469892018354039,0.09075195201378848,0.16652710884485294,0.7817354531806899
central,2211,1.178828327193913,0.5631908733416735,1.4554201609835449,0.20030539744919112,0.10481802989289572,0.09085529999707377,0.16721214600251288,0.7831908733416735
central,2212,1.1888859113088595,0.5646785040470824,1.4876307054089155,0.20086325164083213,0.1049439158850725,0.09096782888112699,0.16790350764005074,0.7846785040470824
central,2213,1.1825147212663543,0.5661403755689403,1.4618715218578382,0.2014122306033056,0.10506396802661179,0.09107393921126124,0.1685902377277616,0.7861403755689402
central,2214,1.1954852584366373,0.5676447060223254,1.504330453385161,0.20197446452550943,0.10519297475813262,0.0911920334151461,0.16928523332353723,0.7876447060223254
central,2215,1.1855677860171492,0.56911072315838,1.4660171360545426,0.20252375781088472,0.10531344582460068,0.0913002883605256,0.16997323116236895,0.7891107231583799
central,2216,1.177480935603168,0.5705450266856893,1.434303527309333,0.2030622395721144,0.10542679295953099,0.09140053860747409,0.17065545554656975,0.7905450266856893
central,2217,1.1730955970027064,0.5719607698666013,1.415743180911977,0.20359417099848287,0.10553589005262955,0.09149633145733203,0.17133437735815676,0.7919607698666012
central,2218,1.1713719978806778,0.5733673911675077,1.4066213009064077,0.20412261279320798,0.10564281682064629,0.09159018862877517,0.17201177292487824,0.7933673911675077
central,2219,1.1694248910524052,0.5747641384532878,1.3967472857800978,0.20464731948928727,0.10574741504415218,0.09168190983033776,0.17268749408951045,0.7947641384532877
central,2220,1.1620044020193867,0.5761317911589099,1.3676527056221133,0.20516204646448288,0.10584544667725841,0.0917664051563616,0.173357892860807,0.7961317911589099
central,2221,1.1625501590248326,0.577498485042503,1.3666938835931175,0.2056759265134699,0.10594314921461455,0.0918511262880732,0.17402828302634532,0.797498485042503
central,2222,1.1639003055594748,0.5788670543990453,1.3685693565422818,0.20618988135835653,0.10604115075447056,0.09193682143562552,0.1746992008505926,0.7988670543990453
central,2223,1.1829706640879845,0.5802998668495645,1.432812450519183,0.20672416245629033,0.10615311167719595,0.09204013320101055,0.1753824595150676,0.8002998668495644
central,2224,1.186095206936074,0.5817405708627803,1.4407040132158322,0.20726048794291357,0.10626659980693177,0.09214606149297387,0.17606742161996103,0.8017405708627803
central,2225,1.1891221483163408,0.5831887969968647,1.4482261340843516,0.20779874043258106,0.10638152286490103,0.09225451254811055,0.17675402115127198,0.8031887969968646
central,2226,1.1778043654016612,0.5845940039348174,1.4052069379527632,0.208322520448947,0.10648690268053408,0.09235188675554722,0.177432694049789,0.8045940039348174
central,2227,1.1558822497092975,0.5859190631267294,1.325059191911948,0.2088197501044749,0.10657446521513649,0.09242847264310593,0.178096375164012,0.8059190631267293
central,2228,1.1548326578148171,0.587237712653331,1.3186495266016562,0.20931435957025046,0.10666053212318748,0.09250383312131784,0.17875898783857525,0.807237712653331
central,2229,1.142061772213855,0.5885087647511525,1.2710520978215234,0.20979296056829416,0.10673587666407204,0.09256720904753434,0.17941271847125195,0.8085087647511525
central,2230,1.1403943164245676,0.5897714342839653,1.2626695328127324,0.2102682884711557,0.10680932016694265,0.09262885136281594,0.18006497428305096,0.8097714342839653
central,2231,1.1433883168896695,0.5910421371672232,1.2707028832579237,0.21074568000911204,0.10688457016507115,0.0926930232622198,0.18071886373082013,0.8110421371672232
central,2232,1.1488401326814337,0.5923294869934908,1.2873498262675476,0.21122793821786479,0.1069635443468946,0.0927619799781962,0.18137602445053508,0.8123294869934907
central,2233,1.167341726378839,0.5936793349141163,1.3498479206255354,0.2117299632245324,0.10705636915209728,0.09284784806072692,0.18204515447675956,0.8136793349141163
central,2234,1.154186670766538,0.5949800990288137,1.3007641146973725,0.21221551952476692,0.10713822279479303,0.09292121398224788,0.18270514272700572,0.8149800990288136
central,2235,1.1510715529770954,0.5962672802448049,1.287181215991251,0.21269612838666996,0.10721700139587871,0.09299146289033629,0.18336268757191992,0.8162672802448049
central,2236,1.1468118844569324,0.5975369054037396,1.2696251589346952,0.21317049588780168,0.10729181983410772,0.09305756234670116,0.18401702733512904,0.8175369054037396
central,2237,1.1491104666164045,0.5988120975746785,1.2751921709388547,0.21364613500425528,0.10736787418806225,0.09312555241800712,0.1846725359643538,0.8188120975746784
central,2238,1.1307274181101432,0.600020141551669,1.2080439769905915,0.21409940595351185,0.10742875883413662,0.09317655170757351,0.185315425056447,0.820020141551669
central,2239,1.1432339446044866,0.6012698482220875,1.24970667041846,0.21456567501604978,0.10749912179105463,0.09323875674271996,0.18596629467226305,0.8212698482220875
central,2240,1.1287199954321934,0.6024661062820824,1.1962580599949035,0.21501402451078355,0.10755739062541934,0.09328756441814627,0.18660712672773327,0.8224661062820824
central,2241,1.1256216323302468,0.6036492315447383,1.1831252626558486,0.21545755202055872,0.10761272684043223,0.0933334154937537,0.1872455371899936,0.8236492315447382
central,2242,1.121955243092021,0.6048172776348606,1.1680460901223322,0.215895622149748,0.10766468922905463,0.09337581753577519,0.18788114872028272,0.8248172776348606
central,2243,1.128949187538537,0.6060077467988385,1.1904691639779141,0.21634043372936418,0.10772186798891474,0.0934243753178735,0.188521069762686,0.8260077467988385
central,2244,1.1238386018549889,0.6071780343745523,1.170287575713802,0.21677813374940025,0.10777450637418691,0.09346816601468834,0.18915722823627673,0.8271780343745523
central,2245,1.1364306985448405,0.6083904093961683,1.2123750216159745,0.21722897416559606,0.10783681185660833,0.0935231953543441,0.1898014280196198,0.8283904093961683
central,2246,1.1400550179687783,0.6096132137273209,1.222804331152627,0.21768266854565865,0.10790151750709061,0.09358134154742793,0.19044768612714363,0.8296132137273209
central,2247,1.1272732347147798,0.6107887563525182,1.1755426251972567,0.21812045890377368,0.10795553171464335,0.09362770172055158,0.19108506401354952,0.8307887563525181
central,2248,1.123937577692053,0.6119504062025239,1.1616498500057748,0.21855318625283954,0.10800645226700085,0.09367090365290238,0.19171986402978114,0.8319504062025239
central,2249,1.1160068315175298,0.6130820771952993,1.1316709927753354,0.21897561352813716,0.1080505836453511,0.09370685580659023,0.19234902421522077,0.8330820771952993
central,2250,1.0953631950665095,0.6141392647838717,1.057187588572428,0.21937324114098994,0.10807752336774766,0.09372442783221079,0.1929640724429233,0.8341392647838717
central,2251,1.1015665004337014,0.6152164796144375,1.0772148305657758,0.21977682216679706,0.10810935035884177,0.09374739257472119,0.1935829145140775,0.8352164796144375
central,2252,1.0977629144428627,0.6162785267770764,1.0620471626389127,0.22017490314854093,0.10813781193577908,0.0937669346326692,0.19419887706008715,0.8362785267770764
central,2253,1.0958061643723587,0.6173319433547404,1.0534165776640014,0.22056961047025636,0.10816444533600449,0.09378469464384422,0.19481319290463534,0.8373319433547404
central,2254,1.1098814626580078,0.6184330320714674,1.1010887167269834,0.2209792761119505,0.10820239122523102,0.09381481373949214,0.19543655099479362,0.8384330320714674
central,2255,1.095280580706942,0.6194809620973121,1.04793002584469,0.22137108455815285,0.10822809517167474,0.09383195351388333,0.19604982885360117,0.839480962097312
central,2256,1.0969327934907325,0.6205329751810083,1.0520130836961794,0.22176366179483326,0.1082549609516207,0.09385048495687788,0.19666386747767634,0.8405329751810082
central,2257,1.0886404511852024,0.621554160015272,1.021184834263722,0.22214564041963109,0.1082747776348577,0.09386170521980432,0.19727203674097887,0.841554160015272
central,2258,1.1078412036595975,0.622641111446522,1.0869514312500383,0.2225484713940431,0.10831021369627881,0.09388975772208201,0.19789266863411803,0.842641111446522
central,2259,1.0845232470357973,0.6236443713246714,1.0032598781494206,0.22292350232952962,0.10832619043544377,0.09389726813235284,0.1984974104273452,0.8436443713246714
central,2260,1.0785714125784507,0.6246251986733515,0.9808273486801022,0.22329065965153488,0.10833708690315454,0.09389960375539093,0.19909784836327116,0.8446251986733515
central,2261,1.0724849141186006,0.6255832061658666,0.9580074925150672,0.22364981195438033,0.10834280452194893,0.09389669463261109,0.1996938950569262,0.8455832061658666
central,2262,1.0664382553953036,0.6265186198450817,0.9354136792151246,0.22400102764067675,0.10834339082516063,0.09388862187153062,0.2002855795077137,0.8465186198450817
central,2263,1.081522730113041,0.6275056234323306,0.9870035872489025,0.22436847925326114,0.10835661625274763,0.09389353636492599,0.2008869915613959,0.8475056234323306
central,2264,1.0652066214969298,0.6284339070183652,0.9282835860345839,0.22471623402281976,0.10835605693505045,0.09388442396896861,0.20147719209152637,0.8484339070183652
central,2265,1.0572027518186808,0.6293328450929037,0.8989380745384468,0.22505384792769018,0.1083487213934055,0.09386854695245324,0.20206172881935464,0.8493328450929036
central,2266,1.0726148703749583,0.6302846380546382,0.9517929617345322,0.22540811107118242,0.1083544585731903,0.09386585286000486,0.20265621555026053,0.8502846380546382
central,2267,1.0624588469472043,0.6311994438386634,0.9148057840252521,0.2257497551503473,0.10835159315545355,0.09385449420438739,0.2032436013284752,0.8511994438386634
central,2268,1.0875029197218573,0.6322008368464186,1.001393007755147,0.2261190449010284,0.10836972418508202,0.09386471093053418,0.20384735682977395,0.8522008368464186
central,2269,1.0786552148411228,0.6331696294553865,0.9687926089678722,0.22647716787541533,0.10838035574877446,0.09386722738976731,0.20444487844142928,0.8531696294553864
central,2270,1.0781724387453262,0.6341352834666442,0.9656540112576995,0.22683371589719453,0.10839050236867699,0.09386931895486943,0.20504174624590316,0.8541352834666441
central,2271,1.0644318955100824,0.6350513192063473,0.9160357397031138,0.22717354173235693,0.10838902804990326,0.09385962732909155,0.2056291220949955,0.8550513192063472
central,2272,1.05829462985514,0.6359445861879731,0.8932669816258398,0.22750538261867037,0.10838236654147428,0.09384475691409334,0.20621208011373504,0.8559445861879731
central,2273,1.0559576020084975,0.6368284900992225,0.883903911249373,0.22783360449919815,0.10837376971107128,0.09382795964060885,0.20679315624834416,0.8568284900992225
central,2274,1.0523635434828915,0.6376986583784687,0.8701682792462417,0.22815678110746662,0.10836217636093971,0.0938081873862009,0.20737151352386146,0.8576986583784687
central,2275,1.0610984088467548,0.6385983547776197,0.8996963991509954,0.22848901705727015,0.10835809962544261,0.09379586536154975,0.20795537273335718,0.8585983547776197
central,2276,1.0630817135655173,0.639503802920008,0.9054481423882432,0.2288225703954671,0.10835573317587134,0.09378526956889822,0.2085402297797712,0.8595038029200079
central,2277,1.0580126849948241,0.6403902567651103,0.8864538451023307,0.22914937754861697,0.10834908832295735,0.09377040834031254,0.20912138255322343,0.8603902567651103
central,2278,1.0635406414244515,0.641294933482745,0.9046767176347226,0.22948156863153457,0.10834717929200412,0.09376028779089611,0.20970589776831017,0.861294933482745
central,2279,1.0593541564258382,0.6421837083572346,0.8887748744895729,0.22980802604278827,0.10834173906196905,0.09374664598975448,0.21028729726272277,0.8621837083572346
central,2280,1.0459942812712208,0.6430244902491626,0.8407818919280441,0.2301182822898331,0.10832494200098018,0.09372179878436947,0.21085946717397985,0.8630244902491626
central,2281,1.047145281246312,0.6438683133373428,0.8438230881802067,0.23042896751900083,0.10830926118752514,0.09369799808443614,0.21143208654638074,0.8638683133373428
central,2282,1.0449720615537708,0.6447035150064215,0.835201669078689,0.23073628139643654,0.10829183655827941,0.09367245806792586,0.2120029389837797,0.8647035150064215
central,2283,1.0333086889447594,0.645496875535619,0.7933605291974288,0.23102938766552644,0.1082644818912039,0.09363730727969226,0.21256569869919634,0.8654968755356189
central,2284,1.035320921871707,0.6462964630752689,0.7995875396499263,0.2313239561829069,0.10823908094681796,0.0936039386865994,0.2131294872589446,0.8662964630752689
central,2285,1.0231382282247325,0.6470525271222978,0.7560640470288815,0.23160375999749827,0.10820327602647177,0.09356065029126602,0.21368484080706168,0.8670525271222977
central,2286,1.0373845258380678,0.6478578080019451,0.8052808796473743,0.23189904585560606,0.10818013067042591,0.0935292481187411,0.21424938335717203,0.8678578080019451
central,2287,1.0400137947218302,0.6486714263936506,0.8136183917054618,0.23219649291855782,0.10815943292100803,0.09350013543562997,0.21481536511845478,0.8686714263936506
central,2288,1.0397194392434765,0.6494831054040882,0.8116790104375493,0.23249275372649736,0.1081386405467031,0.0934708749224475,0.21538083620844017,0.8694831054040881
central,2289,1.0423693128666742,0.6503031660844749,0.8200606803867583,0.23279119650198354,0.1081202909991207,0.09344391885313515,0.2159477597302355,0.8703031660844749
central,2290,1.0467055914732242,0.6511374851196153,0.8343190351404184,0.23309374233080443,0.10810580748017455,0.09342067616171322,0.2165172591469231,0.8711374851196153
central,2291,1.0263894374865736,0.651899634313134,0.7621491935186908,0.2333722052812725,0.10807386694067898,0.09338066401879445,0.21707289807238805,0.871899634313134
central,2292,1.0306706457828956,0.6526760548679257,0.776420554791657,0.23365476543279218,0.1080458990559449,0.09334430793076322,0.21763108244842533,0.8726760548679257
central,2293,1.0208066157385036,0.65341714375997,0.7410888920442726,0.23392524509239965,0.10800953926921351,0.09329997869635488,0.2181823807020019,0.8734171437599699
central,2294,1.0151246219551062,0.6541376819311437,0.7205381711737902,0.23418845824579865,0.10796846903582298,0.09325116996660683,0.2187295846829153,0.8741376819311437
central,2295,1.0117270049401668,0.6548457448067471,0.7080628756033214,0.23444703637074227,0.10792471950600276,0.09319976934639489,0.2192742195836071,0.874845744806747
central,2296,1.0159498136487315,0.6555680618550429,0.7223170482958396,0.2347097017681387,0.1078850279136296,0.09315196505811472,0.21982136711515982,0.8755680618550429
central,2297,1.0060638582840877,0.6562551717182442,0.6871098632013073,0.2349603184582687,0.10783690891832433,0.0930963243026992,0.22036162003895193,0.8762551717182442
central,2298,1.020038015163393,0.6569907558508521,0.7355841326078805,0.2352261895657175,0.10780148311567596,0.09305219424264159,0.22091088892681698,0.8769907558508521
central,2299,1.033492184952373,0.6577728215391434,0.7820656882913113,0.2355066772354753,0.10777805949146634,0.09301926270037585,0.2214688221118259,0.8777728215391434
central,2300,1.0189042116553282,0.6585029682470661,0.7301467079227075,0.23576969154240862,0.10774209187784838,0.09297446480838618,0.22201672001842288,0.8785029682470661
central,2301,1.0082849642801328,0.659195298156806,0.6923299097398861,0.23601981809717903,0.10769704066721415,0.09292120535336891,0.22255723403904387,0.879195298156806
central,2302,1.01041534548008,0.6598945968882227,0.6992987314167198,0.23627166472602146,0.10765422046362648,0.09286984367034366,0.2230988680282311,0.8798945968882227
central,2303,1.0128521963121022,0.66060190889527,0.7073120070473227,0.23652557676544667,0.10761388109954988,0.09282062535340556,0.2236418256768679,0.88060190889527
central,2304,1.012968065834501,0.6613090739114795,0.7071650162094878,0.2367788957642134,0.1075739542286968,0.09277166498985441,0.22418455892871486,0.8813090739114795
central,2305,1.0038869240191697,0.6619838862396457,0.67481232816613,0.23702111254662328,0.10752629543643567,0.09271554168904157,0.22472093656754505,0.8819838862396456
central,2306,1.0024503581282063,0.6626532325239162,0.6693462842705111,0.2372609954914937,0.10747772595260234,0.09265845257161599,0.22525605850820407,0.8826532325239161
central,2307,0.9885366193236813,0.6632734513683325,0.6202188444163204,0.23748429164074508,0.1074170794724194,0.0925904729221415,0.22578160733302644,0.8832734513683325
central,2308,0.9926992747855344,0.6639080047353242,0.634553366991697,0.2377117071215264,0.10736063957141216,0.09252601875246493,0.22630963928992065,0.8839080047353242
central,2309,1.0040922667334946,0.6645821499448848,0.6741452095606615,0.23795149340601746,0.107314804113172,0.09247087920200232,0.226844973223693,0.8845821499448848
central,2310,0.9897972916781494,0.6652058045865528,0.6236546416679145,0.2381742574724896,0.10725654493826796,0.09240452240944101,0.22737047976635416,0.8852058045865527
central,2311,0.971343837792437,0.6657646126099845,0.5588080234317783,0.23837529540861668,0.1071820142677924,0.0923239108752298,0.22788339205834562,0.8857646126099845
central,2312,0.992509885680723,0.6663974863518992,0.6328737419146746,0.23859994871965573,0.10712721267967228,0.09226019485491528,0.22841013009765587,0.8863974863518992
central,2313,1.007086701115189,0.6670810929820468,0.6836066301475485,0.23884061938173123,0.10708582989714631,0.09220835032149079,0.22894629338167843,0.8870810929820467
central,2314,1.0040151968262836,0.6677534508949805,0.6723579129337409,0.23907709212272776,0.10704203988463311,0.09215420775993573,0.2294801111276839,0.8877534508949805
central,2315,0.9981555355788874,0.668404838840215,0.6513879452344495,0.2393061924716101,0.10699336764447613,0.09209555285668532,0.23000972586744334,0.8884048388402149
central,2316,1.0003161575626205,0.6690634121605538,0.6585733203388067,0.23953710753033425,0.10694699719224314,0.0920388206465287,0.23054048679144762,0.8890634121605537
central,2317,0.9857284520937762,0.6696705105070198,0.6070983464659951,0.23975069116835473,0.10688790281715844,0.09197068881021382,0.23106122771129267,0.8896705105070197
central,2318,0.9748362324598272,0.6702392681623961,0.5687576553763396,0.23995121631639926,0.10681939187556637,0.0918942421195597,0.23157441785087074,0.8902392681623961
central,2319,0.9769154885013084,0.6708152266166236,0.575958454227532,0.24015354482806817,0.1067532992052148,0.09181967352783067,0.23208870905551,0.8908152266166236
central,2320,0.9750902796160029,0.6713846903426727,0.5694637260490465,0.24035320930526338,0.10668605492975423,0.09174392837076521,0.23260149773688982,0.8913846903426726
central,2321,0.992768667560441,0.6720159459718934,0.6312556292207283,0.24057250718446027,0.10663530053268934,0.09168235112711189,0.23312578712763188,0.8920159459718934
central,2322,0.9739253119304787,0.6725809248307926,0.5649788588991678,0.24076964323471095,0.10656790309136906,0.09160615549530905,0.23363722300940348,0.8925809248307925
central,2323,0.9845605306993699,0.6731830515724428,0.6021267416502774,0.24097837057483962,0.10651067067252516,0.09153854541910243,0.2341554649059756,0.8931830515724428
central,2324,0.9853778719554079,0.6737878205280703,0.6047689556274438,0.241187435655432,0.10645461633349677,0.09147180475458784,0.23467396378455369,0.8937878205280703
central,2325,0.9784268114315923,0.6743680285079559,0.5802079798855608,0.24138795933805257,0.1063927022531828,0.09139982634887049,0.23518754056784996,0.8943680285079558
central,2326,0.9734094704926817,0.6749305346742447,0.5625061662888342,0.2415821759919355,0.10632670088561842,0.09132417065993885,0.23569748713675182,0.8949305346742447
central,2327,0.9717247604122491,0.6754870665815386,0.5565319072938779,0.24177391235814394,0.10625967059970555,0.09124745636173835,0.23620602726195067,0.8954870665815385
central,2328,0.9634251416243751,0.6760144950791509,0.5274284976123367,0.24195561562754853,0.10618555429066502,0.09116457337527147,0.23670875178566586,0.8960144950791509
central,2329,0.9702665032262757,0.6765659125993488,0.5514175201979388,0.24214461844372842,0.1061182779309731,0.09108725829893373,0.2372157579257136,0.8965659125993488
central,2330,0.9708260184543529,0.6771192417462508,0.5533291469019819,0.24233372069783704,0.10605203027473108,0.09101063536784713,0.23772285540583554,0.8971192417462508
central,2331,0.9619311966312825,0.677641386965984,0.52214521973315,0.24251211714913612,0.10597813729881937,0.09092739123410863,0.23822374128391982,0.897641386965984
central,2332,0.9538255559430054,0.6781352271680998,0.4938402021158472,0.2426807403069306,0.10589732852309332,0.09083821320646292,0.23871894513161296,0.8981352271680998
central,2333,0.9535676301328159,0.67862832685093,0.49309968283017813,0.24284858691191974,0.10581690237095669,0.09074913565253621,0.23921370191551727,0.89862832685093
central,2334,0.9553008220845985,0.6791276522318122,0.49932538088215406,0.24301793474598238,0.1057386997920222,0.09066167839796464,0.23970933929584282,0.8991276522318121
central,2335,0.9607450100490579,0.6796461615922509,0.5185093604387347,0.24319302065819276,0.10566612496030846,0.09057868519303842,0.2402083307807112,0.8996461615922509
central,2336,0.9584126830573247,0.6801565670974012,0.5104055051503575,0.24336494080837773,0.1055919579347837,0.09049417819081303,0.2407054901634268,0.9001565670974012
central,2337,0.959818285186413,0.6806719758858534,0.5154087884521319,0.24353797616056683,0.10551965792430688,0.09041103138640826,0.24120331041457138,0.9006719758858533
central,2338,0.9528881094942045,0.6811631975600805,0.4912216742271047,0.24370259692524432,0.10544150707158133,0.09032285958147308,0.24169623398178164,0.9011631975600805
central,2339,0.9552698034302021,0.6816629037674766,0.49970620739614446,0.24386946928080672,0.10536616344634049,0.0902367995418064,0.24219047149852302,0.9016629037674766
central,2340,0.9401845965702187,0.6821099436185836,0.4470398511069451,0.24401862462179896,0.10527735232224013,0.09013958904025153,0.2426743776342929,0.9021099436185835
central,2341,0.9524119688606951,0.682600077429586,0.49013381100238007,0.24418132794443465,0.10520062380348129,0.09005195916682233,0.24316616651484763,0.9026000774295859
central,2342,0.9550909311204804,0.6830997292663432,0.49965183675726443,0.24434662807158825,0.10512696759627442,0.08996666544428301,0.24365946815419748,0.9030997292663432
central,2343,0.9607098356655428,0.6836191471023473,0.5194178360040658,0.24451787751785864,0.10505906599623764,0.08988596191480654,0.2441562416734444,0.9036191471023473
central,2344,0.9554472356745128,0.6841201762958155,0.5010291934681721,0.24468262328000706,0.1049868283985791,0.0898014938098204,0.24464923080740886,0.9041201762958154
central,2345,0.9463988779178012,0.6845896382677932,0.4694619719777249,0.24483655735968451,0.10490674325652137,0.08971042383157062,0.2451359138200166,0.9045896382677932
central,2346,0.94961024742386,0.6850705458766557,0.48090760886254635,0.24499372176428413,0.10483026381192433,0.08962209293427033,0.24562446736617694,0.9050705458766557
central,2347,0.9507230044003229,0.6855555092369983,0.4849633603425385,0.24515170884998655,0.10475540673839907,0.08953490231692783,0.2461134913316848,0.9055555092369982
central,2348,0.9516205900938138,0.6860437566078998,0.48824737090158443,0.24531027035623665,0.10468195890245464,0.08944868534153426,0.24660284200767418,0.9060437566078998
central,2349,0.9476740638387715,0.6865183228439364,0.47456623603658876,0.24546386851389174,0.10460540701579955,0.08935975750957155,0.24708928980467354,0.9065183228439364
central,2350,0.9546087889546961,0.6870173296472518,0.4990068033153827,0.24562495321980027,0.1045358830972913,0.08927640282718614,0.24758009050297408,0.9070173296472518
central,2351,0.9365237533719802,0.6874531395557094,0.43580990845759615,0.24576490907159737,0.10445002312626632,0.08917964551401418,0.24805856184383152,0.9074531395557094
central,2352,0.9346799083788762,0.6878828158134466,0.4296762577371549,0.24590235779811154,0.10436308923663469,0.08908183064141832,0.24853553813728196,0.9078828158134465
central,2353,0.9350258650930323,0.6883140395184759,0.4312237050293488,0.24603980919308038,0.10427714969037917,0.08898460055330411,0.24901248008171217,0.9083140395184759
central,2354,0.9447547203869424,0.6887796292044903,0.46558968601440043,0.2461879865615424,0.1042009898702194,0.0888950098108038,0.24949564296192472,0.9087796292044903
central,2355,0.9394412151384552,0.6892268209211353,0.44719171664497903,0.24632966798866762,0.10412044482087023,0.08880171303011479,0.24997499508148263,0.9092268209211353
central,2356,0.9401439693863005,0.689676730827373,0.4499099062377221,0.2464717477594272,0.1040411780775226,0.08870925559328378,0.25045454939713935,0.909676730827373
central,2357,0.9309697835063575,0.6900947891441966,0.4180583168236218,0.24660293680412182,0.10395389120050273,0.08861023996976027,0.2509277211698118,0.9100947891441966
central,2358,0.9323880227580347,0.6905181730738061,0.4233839296094999,0.2467353718678335,0.10386861417067338,0.08851261147318747,0.25140157556211173,0.9105181730738061
central,2359,0.9343058584195826,0.6909486065156207,0.43043344181459275,0.2468696203578335,0.10378580048893364,0.08841674040977436,0.25187644525907915,0.9109486065156207
central,2360,0.9332897009772353,0.6913757940344477,0.4271875188269769,0.24700232395792798,0.10370266656714448,0.08832042980812184,0.25235037370125335,0.9113757940344477
central,2361,0.9346200759071825,0.6918079540989028,0.43216006445512267,0.2471361688333707,0.10362142524911995,0.0882254342499436,0.25282492576646853,0.9118079540989028
central,2362,0.9228334357521873,0.6921991735956916,0.391219496788775,0.24725616084899216,0.10352965822598793,0.08812199808916733,0.25329135643154416,0.9121991735956916
central,2363,0.9318417498004845,0.6926223576612875,0.42318406559593846,0.24738610524633847,0.10344712918957231,0.08802558971420528,0.2537635335111714,0.9126223576612875
central,2364,0.9306238294447726,0.6930416033531483,0.4192456918608034,0.24751428646500012,0.10336408519825634,0.08792859536659677,0.25423463632329507,0.9130416033531483
central,2365,0.947041498656566,0.6935186237065221,0.47702035337371385,0.2476608645021362,0.10329708159116456,0.08784425508877917,0.25471642252444204,0.913518623706522
central,2366,0.9444134100692397,0.6939865589064733,0.46793519995125266,0.24780402021506637,0.10322814210307944,0.08775820758079735,0.25519618900753016,0.9139865589064733
central,2367,0.9293145127480748,0.694401809706751,0.4152508002777111,0.2479295110290211,0.1031455452479577,0.08766113040763636,0.2556656230221358,0.914401809706751
central,2368,0.9226597952282058,0.6947941184960096,0.3923087892585553,0.24804703790634186,0.10305727374924441,0.08755944707870313,0.2561303597617201,0.9147941184960096
central,2369,0.9136684133867881,0.6951553952918816,0.3612767958720564,0.24815395312762295,0.10296109986163697,0.08745149824295574,0.2565888440596659,0.9151553952918816
central,2370,0.9143467635423691,0.6955195846994953,0.3641894076136243,0.2482613381341639,0.1028663154373687,0.08734440525041272,0.2570475258775499,0.9155195846994952
central,2371,0.9184220762262766,0.695898555830395,0.3789711308996857,0.2483730738266106,0.1027761553795087,0.08724065687695125,0.25750866974732434,0.9158985558303949
central,2372,0.920398795687232,0.6962849063704435,0.3863505400485412,0.24848674938217713,0.10268857348462983,0.08713870826460242,0.257970875239034,0.9162849063704435
central,2373,0.9098641791520674,0.6966348340731874,0.34992770274389073,0.24858806058868754,0.1025915855787529,0.08702938703352205,0.25842580087222483,0.9166348340731874
central,2374,0.9177917815662112,0.6970130643125673,0.3782302393798842,0.24869814245165267,0.10250293724521788,0.08692622577846783,0.25888575883722886,0.9170130643125672
central,2375,0.9178099143425802,0.6973918137179291,0.37874940536186674,0.24880793051818234,0.10241498813311324,0.08682342170808581,0.2593454733585477,0.9173918137179291
central,2376,0.9144818453133764,0.69775937018175,0.3675564638209172,0.24891360139705998,0.10232453389391062,0.0867185211205553,0.25980271377022407,0.91775937018175
central,2377,0.9170089963938588,0.6981362572797356,0.37688709798555653,0.2490218585318042,0.10223719223782109,0.08661582158327367,0.26026138492683654,0.9181362572797356
central,2378,0.9109533056799259,0.6984924089561487,0.35615167641311896,0.24912288557106183,0.10214472269804196,0.08650903654804777,0.2607157641389971,0.9184924089561487
central,2379,0.9097110413337336,0.6988447408184995,0.3523318623507299,0.24922220423095448,0.10205177108113629,0.0864017027643774,0.2611690627420313,0.9188447408184994
central,2380,0.9181133769720609,0.6992270049716102,0.3822641531107118,0.24933084179254839,0.10196758215177511,0.08630086995768617,0.2616277110696004,0.9192270049716101
central,2381,0.9136788547835177,0.6995941737010614,0.36716872945119494,0.24943410093575086,0.10187980050986108,0.08619712401103195,0.2620831482444174,0.9195941737010613
central,2382,0.9072778891012632,0.6999394220487366,0.34524834767524215,0.24952974966347874,0.10178654576558156,0.08608906153154934,0.26253406508812693,0.9199394220487366
central,2383,0.9102951316249859,0.7002957798036491,0.3563577549124952,0.24962857338629735,0.10169691061608212,0.08598355288377489,0.26298674291749463,0.9202957798036491
central,2384,0.8962018255398245,0.7006033399661682,0.3075601625190938,0.24971100812009628,0.10159434599861329,0.08586821212566935,0.2634297737217892,0.9206033399661682
central,2385,0.8863401565388256,0.7008770901173375,0.2737501511692608,0.2497819368472261,0.10148294501709833,0.08574622430115443,0.26386598395185856,0.9208770901173374
central,2386,0.8987174791777593,0.7011949616354652,0.317871518127788,0.2498668084324372,0.10138446901525504,0.08563348079643578,0.26431020339133715,0.9211949616354652
central,2387,0.9022784863948187,0.7015259352980098,0.3309736625445314,0.2499555072499386,0.10129019955376951,0.08552367844725202,0.2647565500470496,0.9215259352980097
central,2388,0.8950002059196015,0.7018320357084583,0.30610041044853986,0.2500356346074183,0.1011895948890927,0.08540900966653296,0.2651977965454143,0.9218320357084583
central,2389,0.9085016253309997,0.7021860525214648,0.354016813006508,0.25013096322320394,0.10110282739621497,0.08530446304893614,0.26564779885310974,0.9221860525214648
central,2390,0.909313896864976,0.7025434045807316,0.35735205926679114,0.25022694778184046,0.10101750858102627,0.08520085554398572,0.2660980926738791,0.9225434045807316
central,2391,0.8923615381396489,0.7028419263553939,0.2985217746622748,0.25030328397462337,0.10091643128376641,0.08508537633807282,0.2665368347589312,0.9228419263553939
central,2392,0.8966611811533398,0.7031561911701415,0.31426481474761125,0.2503843159417283,0.10082031677489604,0.08497335892646084,0.26697819952705626,0.9231561911701415
central,2393,0.9007023433608913,0.703485229968619,0.32903879847745454,0.2504697348600215,0.10072886162668639,0.0848646202812403,0.2674220132006707,0.9234852299686189
central,2394,0.8951808532007053,0.703795527188208,0.3102972195890841,0.2505485994497937,0.10063275070311019,0.08475227771761103,0.26786189931769305,0.923795527188208
central,2395,0.8871229819566822,0.7040782774213518,0.2827502331437248,0.2506180297164591,0.10052951356625074,0.08463456499926526,0.2682961691393766,0.9240782774213517
central,2396,0.8907461991669305,0.7043744507351571,0.29617331380538126,0.25069140243060284,0.1004306138272328,0.08451982129913317,0.26873261317818825,0.9243744507351571
central,2397,0.88296368965505,0.7046440869984776,0.26963626332043855,0.25075567121183545,0.10032485086585809,0.08439993851236909,0.26916362640841485,0.9246440869984776
central,2398,0.8823941379800467,0.7049125206584125,0.2684336599348969,0.2508191054517788,0.10021934157101221,0.08428005314989113,0.2695940204857302,0.9249125206584125
central,2399,0.8669258058946996,0.7051276231371661,0.2151024787536704,0.2508646803572248,0.10009933576554474,0.08414974378056196,0.27001386323383464,0.9251276231371661
central,2400,0.8854043677862525,0.7054083735601566,0.28075042299047226,0.25093124340510276,0.09999851738540018,0.08403282099242475,0.2704457917772289,0.9254083735601566
high,2026,1.6984057558029388,0.005632674740000065,5.632674740000065,0.002062548963733382,0.0012673801031543308,0.001166451269202999,0.00113629440390935,0.22563267474000007
high,2027,1.6951103978545778,0.011232619757458012,5.599945017457947,0.004114573181525652,0.0025240856993290622,0.0023241901490887173,0.0022697707275145876,0.231232619757458
high,2028,1.7483946611279777,0.01703015225419069,5.797532496732677,0.006232652507811964,0.0037974999268984427,0.00356145256800975,0.003438547251470532,0.2370301522541907
high,2029,1.7771067478773135,0.022925308394304844,5.895156140114155,0.00838334795344653,0.005075193037004544,0.0048407158944719295,0.004626051509381841,0.24292530839430485
high,2030,1.790246289722601,0.028854273066898833,5.928964672593989,0.010545494851443446,0.006349774523131485,0.00613722102539703,0.0058217826669268655,0.24885427306689883
high,2031,1.8306210856584806,0.03492923633830439,6.0749632714055535,0.012755907217771256,0.007633327036993029,0.007495917728731191,0.007044084354808931,0.2549292363383044
high,2032,1.8256193256138518,0.04096301129313126,6.033774954826876,0.014953051284137722,0.008905504970487282,0.008842081919259975,0.008262373119246259,0.26096301129313126
high,2033,1.8642636479137866,0.04713612912856316,6.173117835431896,0.017196016656950086,0.010185405910784914,0.010248651811997474,0.009506054748830681,0.26713612912856316
high,2034,1.900714547954697,0.05343988287445042,6.3037537458872634,0.019481700996368354,0.011471532054428205,0.011713011618700482,0.01077363820495341,0.2734398828744504
high,2035,1.919357264483348,0.059800216923688226,6.360334049237803,0.02178588523362121,0.012756152589628561,0.01320506528478306,0.012053113815655374,0.2798002169236882
high,2036,1.9310596526985666,0.06618815668015496,6.387939756466732,0.024099125101290975,0.014036358170692861,0.01471287367586388,0.013339799732307221,0.28618815668015496
high,2037,1.957412964937374,0.0726651541228597,6.4769974427047465,0.026441215803555393,0.015317972305859559,0.016262403757249348,0.014643562256195397,0.2926651541228597
high,2038,1.9847404940319504,0.07923547867849653,6.57032455563683,0.028813390543117573,0.016601133018993644,0.017855906402240065,0.01596504871414524,0.29923547867849654
high,2039,1.9953032018615515,0.08582851294796004,6.593034269463505,0.031192879020509323,0.017879199601053705,0.0194634787440051,0.01729295558239189,0.30582851294796004
high,2040,2.014714059509335,0.09248169487890387,6.6531819309438305,0.03359163075096164,0.019155526078384708,0.021101297708960604,0.01863324034059692,0.31248169487890387
high,2041,2.0069168108843063,0.09907991665513935,6.59822177623548,0.035972778110537576,0.02041978219023692,0.02271978955187777,0.01996756680248709,0.31907991665513935
high,2042,2.0201005745209213,0.10571210319566468,6.632186540525331,0.038364758952211364,0.021679990984420014,0.02435728057834398,0.02131007268068935,0.3257121031956647
high,2043,2.001819607878251,0.11224514036331026,6.533037167645583,0.040724971483598965,0.022924273885340615,0.02595633861610054,0.02263955637827013,0.33224514036331027
high,2044,2.0046813710419245,0.11876873725253481,6.523596889224548,0.0430821140106451,0.02416075999636358,0.0275555949732795,0.023970268272246652,0.3387687372525348
high,2045,2.0212269438626627,0.12534084270290222,6.572105450367404,0.04545470895231034,0.02539467072265933,0.029180036745226998,0.02531142628270558,0.3453408427029022
high,2046,2.0235486012182755,0.13190120531563634,6.560362612734128,0.047823466739392986,0.0266206388473013,0.030803657244511923,0.026653442484430148,0.35190120531563635
high,2047,2.037979689937243,0.13850124570701386,6.600040391377515,0.05020478200595692,0.02784322672571503,0.03244876261689321,0.028004474358448696,0.35850124570701386
high,2048,2.0719617465365707,0.14522426008376685,6.723014376752989,0.052625069127724175,0.029069490214073082,0.03415201240393753,0.029377688338032046,0.36522426008376685
high,2049,2.0671072768471017,0.1519046575734814,6.680397489714551,0.055031669946024,0.03028524353210571,0.035840834901516364,0.03074690919383534,0.3719046575734814
high,2050,2.0804682049267287,0.15862028502192907,6.71562744844767,0.05744926907637775,0.03149711553411498,0.037549489958068186,0.03212441045336817,0.37862028502192907
high,2051,2.0539950681603765,0.16520126629849177,6.580981276562703,0.05982394102425244,0.03269076316209481,0.039203209934149025,0.033483352177995494,0.3852012662984918
high,2052,2.0687656375313446,0.17182374630255345,6.622480004061682,0.062211612354370574,0.03388124925951551,0.04087935531916549,0.03485152936950187,0.39182374630255346
high,2053,2.079299839517092,0.17846967688734258,6.645930584789128,0.06460651327738083,0.035067017663248004,0.04257006275341589,0.03622608319329786,0.3984696768873426
high,2054,2.080379058928718,0.18509869428257467,6.6290173952320846,0.06699583049452738,0.03624470226875741,0.04425752089849967,0.03760064062079021,0.40509869428257467
high,2055,2.065294841556799,0.1916419432105723,6.543248927997625,0.06935771224929681,0.03740854845680229,0.045911369906539864,0.03896431259793332,0.4116419432105723
high,2056,2.075743638563003,0.19820859434054391,6.566651129971623,0.07172678390073704,0.038567847553898305,0.04757965684336331,0.04033430604254527,0.4182085943405439
high,2057,2.079475692577568,0.20476999000051951,6.5613956599756,0.07409393694392806,0.03972020317195338,0.049249757220799786,0.0417060926638383,0.4247699900005195
high,2058,2.085033381899403,0.21133398590974198,6.563995909222465,0.07646164699901571,0.04086631135675356,0.05092512613425683,0.04308090141971588,0.431333985909742
high,2059,2.0937025191700633,0.21791393233122444,6.579946421482463,0.07883412203377811,0.04200730900247643,0.052611674442034045,0.04446082685293586,0.43791393233122444
high,2060,2.1056389973940206,0.22452385703403496,6.609924702810521,0.08121576855368244,0.04314435571891263,0.054315665334919064,0.04584806742652082,0.44452385703403496
high,2061,2.064931521834426,0.23093867911106772,6.414822077032756,0.08353533541100643,0.044258787124577856,0.05593740268553021,0.04720715388995321,0.4509386791110677
high,2062,2.0718204963900915,0.23736229743928614,6.423618328218417,0.08585740039020771,0.045367745757138075,0.057566985253834815,0.0485701660381055,0.45736229743928614
high,2063,2.0724385148474718,0.2437679907149036,6.405693275617463,0.0881734719091478,0.04646900571173106,0.05919263593330522,0.049932877160719535,0.4637679907149036
high,2064,2.099271780707989,0.25026786152538294,6.4998708104793135,0.09051903528331405,0.0475719484836213,0.06086392954396723,0.05131294821448033,0.4702678615253829
high,2065,2.115152524492406,0.25681506906705687,6.547207541673927,0.09287918565385285,0.04867256469244692,0.06256032719936314,0.05270299152139392,0.47681506906705684
high,2066,2.0802420892172835,0.2631920226514619,6.376953584405043,0.09518516264028255,0.04975301785204368,0.06418505754159609,0.05406878461753957,0.4831920226514619
high,2067,2.115695856032485,0.26970042965053476,6.508406999072902,0.09753232420244333,0.050838243635352234,0.06587211829461857,0.05545774351812065,0.4897004296505348
high,2068,2.106282193246894,0.27614781095397845,6.447381303443633,0.09985984621624076,0.05191243732903773,0.06753589785698039,0.05683962955171955,0.4961478109539784
high,2069,2.108229387847695,0.2825830926371712,6.4352816831927395,0.10218315701681048,0.05297963888239386,0.06919819666682975,0.058222100071137095,0.5025830926371712
high,2070,2.104030888096806,0.28898000447669514,6.3969118395239555,0.1044939542271273,0.05403774853950928,0.0708472871985568,0.05960101451150171,0.5089800044766951
high,2071,2.1027274342089544,0.29535109941865323,6.371094941958089,0.10679619147862433,0.0550878431538676,0.0724887396950406,0.06097832509112064,0.5153510994186532
high,2072,2.107262559559495,0.3017214987122504,6.370399293597173,0.10909779320191475,0.05613202540542993,0.0741337140921298,0.06235796601277592,0.5217214987122504
high,2073,2.1018148781001,0.30804846439794453,6.32696568569413,0.11138525511580925,0.05716684057351672,0.07576315791797135,0.06373321079064716,0.5280484643979445
high,2074,2.091264790721863,0.31431034772801625,6.261883330071716,0.11365171555291585,0.058190543167392986,0.07736746467951637,0.06510062432819103,0.5343103477280162
high,2075,2.105828126156763,0.3206148587267852,6.304510998768942,0.11593121326608995,0.0592120615508543,0.07899445464630654,0.06647712926353443,0.5406148587267852
high,2076,2.1280983456087577,0.326995140987717,6.380282260931791,0.11823413687113095,0.060234005659354314,0.08065908563942588,0.06786791281780584,0.546995140987717
high,2077,2.105257433038976,0.3332573900052648,6.262249017547794,0.12049938476032741,0.061240728102653894,0.08227470032370283,0.06924257681858062,0.5532573900052647
high,2078,2.111795651731878,0.3395280405588855,6.270650553620749,0.12276681598102253,0.06224254278965029,0.08389775978152776,0.07062092200668495,0.5595280405588855
high,2079,2.1023127925622647,0.34573842753582373,6.210386976938209,0.12501474853572142,0.06323388621331665,0.08549763948932544,0.07199215329746021,0.5657384275358237
high,2080,2.116787293156277,0.35199145719388725,6.253029658063514,0.1272756526719454,0.06422319876205941,0.0871201916298208,0.07337241413006157,0.5719914571938872
high,2081,2.1106961235827857,0.3581988432688721,6.207386074984833,0.12952166609599286,0.06520332700618127,0.08872600518187003,0.07474784498482784,0.578198843268872
high,2082,2.1278103293222714,0.3644603566653787,6.261513396506602,0.13178422811185242,0.06618237740265008,0.09035966965207586,0.0761340814988003,0.5844603566653787
high,2083,2.1289890495876644,0.3707074547075879,6.247098042209243,0.1340417302727303,0.06715483942522028,0.09199050250979844,0.07752038249983893,0.5907074547075879
high,2084,2.119602217211104,0.37689481125446944,6.187356546881517,0.1362798928893314,0.06811712023615459,0.09359816802097064,0.07889963010801282,0.5968948112544694
high,2085,2.1163296153759705,0.38304891404602837,6.154102791558924,0.1385070450369303,0.06907139378906803,0.0951945281238208,0.08027594709620925,0.6030489140460283
high,2086,2.127962973264425,0.3892339033070954,6.184989261067031,0.1407433859859441,0.07002286758658739,0.09680827281799552,0.08165937691656833,0.6092339033070954
high,2087,2.1204476345539147,0.39536745925808436,6.133555950988967,0.1429629816503819,0.07096495488263747,0.09840250707412167,0.08303701565094329,0.6153674592580843
high,2088,2.1259925556351944,0.4015058702732509,6.138411015166545,0.1451835510443284,0.07190222568176573,0.10000242870907554,0.08441766483808125,0.6215058702732509
high,2089,2.1247323463047,0.4076199137959513,6.114043522700396,0.14739588436272794,0.072832367761121,0.10159492328747798,0.08579673838462437,0.6276199137959513
high,2090,2.1316823216372685,0.41374498096414425,6.125067168192944,0.14961111372622915,0.07375825339265775,0.10319584565362717,0.0871797681916302,0.6337449809641442
high,2091,2.1580975704764187,0.41996501737600966,6.220036411865415,0.15185556598709066,0.07468647449451311,0.10484311127013445,0.08857986562427135,0.6399650173760096
high,2092,2.1509778928966683,0.4261352146238444,6.170197247834741,0.15408378441281234,0.07560567280545667,0.10647132765641802,0.08997442974915738,0.6461352146238444
high,2093,2.1530316450434412,0.4322953295955506,6.16011497170621,0.15630822786077464,0.07651899705596253,0.10809846120549478,0.09136964347331868,0.6522953295955506
high,2094,2.1929356728919456,0.43860921759008864,6.3138879945380255,0.15858011663039084,0.0774390037466015,0.10979909162513103,0.09279100558796519,0.6586092175900886
high,2095,2.1966770310269776,0.44492002940976383,6.310811819675188,0.16085038521169093,0.07835365478900881,0.11150184929787442,0.0942141401111897,0.6649200294097638
high,2096,2.2066931831186873,0.4512550809479189,6.3350515381550565,0.16312752779705242,0.07926500895903545,0.11321927085207249,0.0956432733397585,0.6712550809479189
high,2097,2.211817524978823,0.4575930963023652,6.338015354446336,0.16540490583732653,0.08017149878213604,0.11494158510175821,0.09707510658114436,0.6775930963023652
high,2098,2.168687230937644,0.4637247136782703,6.131617375905063,0.1676172329561324,0.08105744359483667,0.11657290709930472,0.09847713002799649,0.6837247136782703
high,2099,2.154467336465559,0.46977623526567436,6.051521587404074,0.16980381454971483,0.08193230942049663,0.11817127544607271,0.09986883584939013,0.6897762352656743
high,2100,2.1567253930105914,0.4758190948530222,6.042859587347849,0.17198702003864175,0.08280168437729944,0.11976906002600442,0.10126133041107653,0.6958190948530222
high,2101,2.175547843349745,0.4819249578230368,6.105862970014586,0.17418927000306011,0.0836711141983431,0.12139880115314829,0.10266577246848527,0.7019249578230368
high,2102,2.179094248300155,0.48802765563377337,6.102697810736579,0.17638984083898662,0.08453550319632351,0.12303044709558016,0.10407186450288301,0.7080276556337733
high,2103,2.1681097314544417,0.4940643356480281,6.036680014254725,0.1785690780026044,0.08539008470340355,0.12463535654873766,0.10546981639328239,0.7140643356480281
high,2104,2.1759178033103748,0.5001165302746776,6.052194626649521,0.18075246950707546,0.08624114810263685,0.12625061997071235,0.10687229269425291,0.7201165302746776
high,2105,2.166225379110836,0.5061085125394544,5.991982264776818,0.18291632599202812,0.08708291980684023,0.12784176552392906,0.10826750121665692,0.7261085125394544
high,2106,2.163455400143213,0.5120704402003671,5.961927660912636,0.1850700705745983,0.08791775593541222,0.12942250436266456,0.109660109327692,0.732070440200367
high,2107,2.173964776108648,0.5180598413930403,5.989401192673216,0.1872316991817612,0.08875011927161598,0.13101895845192296,0.1110590644877401,0.7380598413930403
high,2108,2.1714862144210483,0.5240204902908706,5.960648897830323,0.18938361670956094,0.08957571673989896,0.13260554325368568,0.11245561358772495,0.7440204902908706
high,2109,2.1531585569107365,0.5298840421124458,5.863551821575164,0.19150440882564734,0.09038929766356936,0.13415125501484199,0.11383908060838706,0.7498840421124457
high,2110,2.14825847162957,0.535708853249186,5.824811136740271,0.1936123337907178,0.09119541530951174,0.13568258577052866,0.11521851837842782,0.755708853249186
high,2111,2.167237648473783,0.5415981330443593,5.889279795173286,0.19573973668632727,0.09200213613449186,0.13724624412318176,0.11661001610035836,0.7615981330443593
high,2112,2.1659465428423985,0.5474641934892498,5.866060444890464,0.19785913572462482,0.09280266511600367,0.13880248099103237,0.11799991165758884,0.7674641934892498
high,2113,2.172903423293774,0.5533427931897746,5.878599700524845,0.19998171348636162,0.09359978513846655,0.14036753213359,0.11939376243135645,0.7733427931897746
high,2114,2.16514166624517,0.5591702675087354,5.827474318960801,0.2020875471716158,0.09438863432434401,0.1419124353864915,0.12078165062628406,0.7791702675087354
high,2115,2.160355874324401,0.5649596788097149,5.78941130097943,0.20418071233343232,0.09517025152770832,0.14344313070728548,0.12216558424128877,0.7849596788097148
high,2116,2.172308794430865,0.5707835071030855,5.823828293370581,0.20628389272491693,0.09595026337417241,0.14499250904027033,0.12355684196372572,0.7907835071030854
high,2117,2.126502005823885,0.5763924830947903,5.608975991704845,0.20831891340125241,0.09670924297394383,0.1464478185845573,0.1249165081350367,0.7963924830947903
high,2118,2.1374841845319743,0.5820320253015732,5.639542206782866,0.21036280696443904,0.09746656196433424,0.14791979915983378,0.12628285721296612,0.8020320253015731
high,2119,2.1102322939025626,0.5875377495845983,5.505724283025093,0.21236381887100003,0.09820907590831339,0.14933472681390692,0.12763012799137785,0.8075377495845982
high,2120,2.098765507471917,0.5929780281430868,5.440278558488498,0.2143434315609003,0.09894226855567324,0.1507233633395707,0.1289689646869424,0.8129780281430867
high,2121,2.1060632795936316,0.5984334588365476,5.455430693460883,0.2163270953169361,0.0996727854776381,0.1521215649165084,0.13031201312546503,0.8184334588365476
high,2122,2.1057153030627425,0.6038712699020627,5.437811065515108,0.21830445397603,0.10039796264246593,0.15351473301347285,0.13165412027009388,0.8238712699020627
high,2123,2.122870100709535,0.6093666233327018,5.495353430639005,0.2202992063064722,0.10112392168097757,0.15493641738640118,0.1330070779588508,0.8293666233327017
high,2124,2.1228548998861574,0.6148457042809488,5.479080948247006,0.22228807115247562,0.10184469005276507,0.15635362975164913,0.13435931332405893,0.8348457042809487
high,2125,2.112443207225188,0.6202639567155395,5.418252434590709,0.22425699998827303,0.10255670188746084,0.15774643204631278,0.1357038227934927,0.8402639567155394
high,2126,2.0829662250957717,0.62554010964173,5.276152926190547,0.22618025723402535,0.10325324119148559,0.15907884476728995,0.13702776644892906,0.84554010964173
high,2127,2.079968212679833,0.6307879681909566,5.247858549226603,0.22809380170637444,0.10394373444754297,0.16040143845875154,0.13834899357828762,0.8507879681909566
high,2128,2.085043078066677,0.6360421115486226,5.254143357665941,0.23000858410109298,0.10463110657601442,0.16172947668988696,0.13967294418162818,0.8560421115486225
high,2129,2.084243403086634,0.641277450206778,5.235338658155397,0.23191665286967755,0.10531328404741526,0.163051854049231,0.1409956592404541,0.8612774502067779
high,2130,2.059340428880297,0.6463912832598041,5.113833053026151,0.23378541741207537,0.1059816223391692,0.16432334211561783,0.14230090139294166,0.8663912832598041
high,2131,2.0799956697531035,0.6515782380857164,5.186954825912249,0.23567663091405877,0.10665263697714207,0.1656295985089996,0.14361937168551586,0.8715782380857163
high,2132,2.0973220153869483,0.6568241230461862,5.245884960469849,0.23758572354983504,0.10732500999068999,0.16696456897382428,0.14494882053183683,0.8768241230461862
high,2133,2.0849747181325915,0.6620019215903377,5.177798544151457,0.23947249604039728,0.10798820580758754,0.16827196825331714,0.1462692514890357,0.8820019215903376
high,2134,2.1034826685501837,0.6672438283482891,5.241906757951442,0.24137875936831693,0.10865320493137946,0.1696104080520543,0.14760145599653846,0.8872438283482891
high,2135,2.1182158408492198,0.6725336720578938,5.289843709604725,0.24329934915485318,0.1093185889001962,0.1709728491535215,0.1489428848493229,0.8925336720578938
high,2136,2.0882409956610575,0.6776797555644105,5.1460835065166854,0.24517373594558622,0.1099687064615454,0.1722738990502734,0.15026341410700544,0.8976797555644105
high,2137,2.072406732482375,0.6827433185414609,5.063562977050351,0.24702118700734005,0.11060851954529931,0.17354103093262113,0.15157258105620042,0.9027433185414608
high,2138,2.0344649740236256,0.6876308562860837,4.887537744622805,0.24881187142217398,0.11122989044349137,0.1747335962138526,0.1528554982065657,0.9076308562860836
high,2139,2.0641695683913803,0.6926305518560301,4.999695569946394,0.25063747768699124,0.1118577205990657,0.17597760191638928,0.1541577516535838,0.91263055185603
high,2140,2.0002601660098387,0.6973448135825573,4.714261726527225,0.25237124885957224,0.11245728128225903,0.17710001849196377,0.1554162649487622,0.9173448135825573
high,2141,2.009190111773363,0.7020832449489771,4.738431366419826,0.25411200239650217,0.11305595943862416,0.17823515128186684,0.15668013183198387,0.9220832449489771
high,2142,2.040764427714245,0.7069418211101134,4.858576161136274,0.2558903542622435,0.11366218227302204,0.17942467993463118,0.15796460464021667,0.9269418211101134
high,2143,2.008257449596042,0.7116487480257165,4.706926915603149,0.2576194956521021,0.11425190006760409,0.1805508503337711,0.15922650197223914,0.9316487480257165
high,2144,2.0413570634191114,0.7164824050120296,4.833656986313106,0.2593883331624571,0.11484979938263563,0.1817342386319587,0.1605100338349782,0.9364824050120296
high,2145,2.0192457723699637,0.7212084786169439,4.726073604914283,0.261122052933421,0.11543518662050241,0.182873244936043,0.1617779941269774,0.9412084786169439
high,2146,2.0040442792757274,0.7258567694356959,4.6482908187519545,0.2628301068026369,0.11601063785427244,0.1839809787132059,0.16303504606558056,0.9458567694356959
high,2147,2.0290517121473193,0.7305976129271066,4.7408434914106845,0.264566970569652,0.1165914070254921,0.18513095182139078,0.16430828351057158,0.9505976129271065
high,2148,2.0049873431372967,0.7352231093830688,4.625496455962219,0.2662661682381035,0.11715895867258046,0.18623334342723147,0.16556463904515328,0.9552231093830688
high,2149,1.9908177209599487,0.7397756502026798,4.552540819610984,0.2679411976010549,0.11771703055921985,0.18730663455315505,0.16681078748924988,0.9597756502026797
high,2150,1.9546842258343404,0.7441633098904346,4.387659687754786,0.2695624139136512,0.11825698649570225,0.188311971980474,0.16803193750060713,0.9641633098904345
high,2151,2.0010841986523165,0.7487338327634342,4.570522872999638,0.2712416383767877,0.11881115294542331,0.18939733771073475,0.16928370373048834,0.9687338327634342
high,2152,2.001709520909339,0.75329404804934,4.560215285905778,0.27291676996867453,0.11936159981361892,0.19048044586127738,0.17053523240576912,0.9732940480493399
high,2153,1.9600935239114468,0.7576661489072815,4.3721008579414855,0.2745306707069998,0.11989195126484535,0.19148546059377192,0.17175806634166435,0.9776661489072814
high,2154,1.9792986201010305,0.7621066627923377,4.440513885056285,0.27616580804388063,0.12042604343387368,0.19252161646376764,0.1729931948508157,0.9821066627923377
high,2155,1.9779079519012759,0.7665288113237667,4.422148531428971,0.27779425466102975,0.12095577951492674,0.1935520407266877,0.17422673642112246,0.9865288113237667
high,2156,1.982943361453184,0.7709597158454332,4.430904521666501,0.2794247243422281,0.12148368819905576,0.19458828226921687,0.17546302103493244,0.9909597158454332
high,2157,1.9981517672923783,0.775442281257118,4.482565411684791,0.2810709746028524,0.12201368550555279,0.19564872051320176,0.17670890063551103,0.995442281257118
high,2158,1.9374580242323185,0.7796571759431673,4.2148946860492975,0.2826302678868054,0.12251606363437266,0.19659760832838247,0.17791323609360676,0.9996571759431673
high,2159,1.9439010509510293,0.7838872737830775,4.230097839910241,0.28419369205018974,0.12301744099327856,0.19755486248330573,0.17912127825630342,1.0038872737830775
high,2160,1.9234517859445894,0.7880200256611427,4.132751878065166,0.2857248512545554,0.12350697610170878,0.1984732900444946,0.18031490826038382,1.0080200256611427
high,2161,1.9451272380630968,0.7922319550130943,4.211929351951582,0.28728083266118615,0.12400176640338005,0.19942684350053358,0.18152251244799456,1.0122319550130943
high,2162,1.9602105239441543,0.7964954154949173,4.263460481823023,0.28885264445046005,0.12449902004062942,0.20040410857783286,0.18273964242599483,1.0164954154949173
high,2163,1.9310949975663467,0.8006250172137268,4.129601718809495,0.290380441669372,0.12498107659197295,0.20132698181351383,0.18393651713886794,1.0206250172137268
high,2164,1.9793486284764499,0.804945609264617,4.320592050890193,0.29196902969122435,0.12547883731364312,0.2023324726328231,0.18516526962692637,1.024945609264617
high,2165,1.9857262367557371,0.8092810417702367,4.335432505619741,0.2935615739242138,0.12597551616907865,0.20334627977979652,0.18639767189714768,1.0292810417702367
high,2166,1.9782877290619734,0.8135731034497085,4.292061679471715,0.2951393703402264,0.12646576100224532,0.2043435577778246,0.18762441432941196,1.0335731034497084
high,2167,1.9306860866024615,0.8176535751154272,4.080471665718788,0.2966481239563938,0.1269336038322793,0.20525340469390968,0.18881844263284447,1.0376535751154272
high,2168,1.9612425241238896,0.8218508279295276,4.197252814100327,0.2981937811244544,0.1274103233779766,0.20621429553728066,0.1900324278898159,1.0418508279295275
high,2169,1.955761287164118,0.8260134818925826,4.162653963055041,0.2997274764508398,0.12788146886615165,0.20716245499120672,0.19124208158438444,1.0460134818925826
high,2170,1.9384095258437026,0.8300919447441866,4.078462851603959,0.3012331849962435,0.1283423172732439,0.20807703346321182,0.19243940901148737,1.0500919447441865
high,2171,1.9474477726142319,0.8341970536765835,4.105108932396906,0.30274669320332087,0.12880349704946115,0.20900466823340091,0.19364219519040038,1.0541970536765835
high,2172,1.9324329545948713,0.8382280245504055,4.030970873821982,0.3042354357501159,0.12925534869267108,0.20990300702948594,0.19483423307813252,1.0582280245504054
high,2173,1.9374269379375353,0.8422688479083473,4.0408233579418695,0.3057265562080605,0.129705988137297,0.21080729561776151,0.19602900794522826,1.0622688479083473
high,2174,1.9353307874536907,0.8462898406299058,4.020992721558425,0.30721045504929767,0.13015256385217194,0.21170507988847348,0.19722174183996272,1.0662898406299057
high,2175,1.96033849934673,0.8504046553380218,4.1148147081160324,0.30872382344532767,0.1306059337868281,0.21264420282520652,0.19843069528065949,1.0704046553380218
high,2176,1.9533934617442656,0.8544790662759814,4.074410937959572,0.31022334453049544,0.1310533134725363,0.21356807460505234,0.1996343336678974,1.0744790662759813
high,2177,1.9673848470455502,0.8586010908227102,4.122024546728831,0.3117373847808203,0.13150302528719598,0.21451391641808576,0.20084676433660814,1.0786010908227102
high,2178,1.9782106252575884,0.8627573838737745,4.1562930510643525,0.3132616186126958,0.1319537579004968,0.21547615732081954,0.2020658500397624,1.0827573838737745
high,2179,1.969427981277182,0.8668653852399042,4.108001366129654,0.31476948700320995,0.13239783978862718,0.21641968105778087,0.2032783773902861,1.0868653852399042
high,2180,1.9640956355771506,0.8709397865513671,4.074401311462861,0.3162657061366284,0.1328366541353292,0.21735075202799253,0.20448667425141687,1.090939786551367
high,2181,1.933588691398533,0.8748752322217888,3.9354456704217,0.3177162505245893,0.13326016465535473,0.21822503392161796,0.20567378312022672,1.0948752322217887
high,2182,1.941202121720004,0.8788318926308927,3.956660409103918,0.3191728291289029,0.1336837161836278,0.21910995107567127,0.20686539624269062,1.0988318926308926
high,2183,1.932598562597807,0.8827418466708004,3.9099540399076815,0.32061348356909725,0.13410077608409232,0.2199770008991926,0.20805058611841826,1.1027418466708003
high,2184,1.9337077008730004,0.8866458903606882,3.9040436898878372,0.3220514013891928,0.13451530523898036,0.22084328431357092,0.20923589941894405,1.1066458903606882
high,2185,1.96333658442819,0.8906636020394161,4.017711678727887,0.3235251761758039,0.13493869577949164,0.2217591807027296,0.21044054938139095,1.110663602039416
high,2186,1.923506878149682,0.894503629071491,3.8400270320748664,0.32494072908101873,0.1353431015135267,0.22260206580363334,0.21161773267331208,1.114503629071491
high,2187,1.9276064967249975,0.8983504802528286,3.8468511813376516,0.32635766513811426,0.13574628600176747,0.2234494708695638,0.21279705824338296,1.1183504802528286
high,2188,1.9434515990242993,0.9022533119166445,3.9028316638158866,0.3277918712275644,0.13615298171410944,0.2243220212639519,0.2139864377110186,1.1222533119166445
high,2189,1.950095271364472,0.9061735077849677,3.920195868323262,0.32923084756168236,0.13655942717018987,0.2252035661264793,0.21517966692661628,1.1261735077849677
high,2190,1.9681209216673599,0.9101588492605752,3.9853414756074734,0.33068997925699206,0.13697009862799903,0.2261143596527534,0.2163844117228308,1.1301588492605752
high,2191,1.988028606261894,0.9142172681164793,4.058418855904078,0.33217175331470816,0.13738558679918889,0.22705799406696592,0.21760193393561628,1.1342172681164793
high,2192,1.9611786094370756,0.9181518257352117,3.934557618732404,0.3336128427471386,0.13778762408978523,0.22795063196996435,0.21880072692832353,1.1381518257352117
high,2193,1.9572062993373631,0.9220591784976164,3.9073527624047255,0.33504431937933876,0.138185218752731,0.2288334274707896,0.21999621289475696,1.1420591784976164
high,2194,1.9708027737104337,0.9260132036905573,3.9540251929408576,0.3364899810161842,0.13858532896982123,0.22973766431639775,0.22120022938815415,1.1460132036905573
high,2195,1.9766954403422958,0.9299814443555947,3.968240665037426,0.3379393631383644,0.13898488353775224,0.2306496156943501,0.22240758198512783,1.1499814443555947
high,2196,1.9607294636294226,0.9338719759645693,3.890531608974568,0.33936288134463255,0.13937531991679492,0.23153023159619263,0.22360354310694913,1.1538719759645693
high,2197,1.977119664703865,0.9378210425378986,3.949066573329274,0.3408043877105712,0.139769397002025,0.2324373412300827,0.22480991659521965,1.1578210425378985
high,2198,1.9864875719317518,0.9417990305766359,3.97798803873739,0.34225432857933014,0.1401642948390296,0.23335844099701586,0.2260219661612604,1.161799030576636
high,2199,1.9664911889329557,0.9456822795547013,3.8832489780653567,0.34367295098618256,0.14054857707362972,0.23424084493590608,0.227219906558983,1.1656822795547013
high,2200,1.982058427925199,0.949620704425298,3.9384248705967018,0.3451084625328279,0.14093619397056284,0.23514834405703716,0.22842770386487,1.169620704425298
high,2201,1.952693565133188,0.9534252653878121,3.8045609625141363,0.34650002305467625,0.14130950787303131,0.23600065161654743,0.2296150828435572,1.173425265387812
high,2202,1.9342868675194382,0.9571426803656788,3.7174149778667065,0.34786258757233585,0.14167277998980343,0.23681787621915018,0.23078943658438944,1.1771426803656788
high,2203,1.9422572218864764,0.9608836818932007,3.741001527521881,0.3492319279679107,0.1420366647862058,0.23764654739288932,0.23196854174619486,1.1808836818932007
high,2204,1.967646582477064,0.9647213594942365,3.837677601035816,0.3506315912031211,0.14240802688470255,0.2385176106687315,0.23316413073768144,1.1847213594942365
high,2205,1.9479355987783924,0.9684661932538738,3.7448337596373005,0.35200046998028267,0.14276893208531444,0.2393509796949645,0.2343458114933123,1.1884661932538738
high,2206,1.935209010312216,0.9721479042320451,3.681710978171271,0.3533481043178219,0.14312215192870864,0.2401593513755148,0.23551829660999984,1.192147904232045
high,2207,1.931964139875937,0.9758064122291705,3.6585079971254153,0.354687384906131,0.14347153784530564,0.24095951086645429,0.23668797861127944,1.1958064122291705
high,2208,1.9434917672928345,0.9795036160219666,3.6972037927960333,0.35603832263568563,0.14382306928218502,0.24177741313306716,0.23786481097102868,1.1995036160219665
high,2209,1.914024263991713,0.9830679801017514,3.5643640797848875,0.357345419220393,0.14416013661052735,0.24254125211720323,0.23902117215362784,1.2030679801017514
high,2210,1.9099412761394434,0.9866060676344153,3.538087532663825,0.35864314736099223,0.14449311682172544,0.2432956293710672,0.2401741740806304,1.2066060676344152
high,2211,1.9014705663351203,0.9900996967418187,3.493629107403473,0.35992559828203097,0.14482021598811806,0.24403301989060333,0.2413208625810664,1.2100996967418187
high,2212,1.9131551975642167,0.9936330120342047,3.5333152923859856,0.36122008590731775,0.14514980383737153,0.2447883029767115,0.24247481931280385,1.2136330120342047
high,2213,1.9527117157945497,0.9973226466871796,3.6896346529748936,0.3625642838583712,0.1454930277434846,0.24561051778467546,0.2436548173006482,1.2173226466871796
high,2214,1.945450726667983,1.0009722491462532,3.649602459073531,0.36389470459486795,0.1458309042402366,0.2464173376879561,0.24482930262319258,1.2209722491462531
high,2215,1.921370449917529,1.0045116616787293,3.5394125324761383,0.36518863313124206,0.14615663731258516,0.2471794439415667,0.24598694729333537,1.2245116616787293
high,2216,1.9205191457990407,1.0080383961637234,3.5267344849940763,0.36647760423105474,0.14647969615093936,0.24793768661506244,0.24714340916666666,1.2280383961637233
high,2217,1.939227948549894,1.0116342721330545,3.595875969331086,0.3677880961490015,0.14680802928166176,0.2487262805015259,0.2483118662008652,1.2316342721330544
high,2218,1.9435388718148363,1.0152389206521644,3.60464851910991,0.369100566104548,0.14713574751027214,0.24951999457873053,0.2494826124586137,1.2352389206521643
high,2219,1.9559693213717881,1.018886382329136,3.6474616769717194,0.37042599352139055,0.14746607961163277,0.2503331924643951,0.25066111673171754,1.238886382329136
high,2220,1.9324057284555196,1.0224257168120685,3.5393344829324214,0.3717156424671792,0.14778461608362098,0.2511023319423449,0.2518231263189235,1.2424257168120685
high,2221,1.9521465416100527,1.0260386404091157,3.612923597047235,0.37302820648680696,0.14810879512918346,0.25190381539686385,0.25299782339626137,1.2460386404091157
high,2222,1.9477767595347975,1.0296239456120422,3.5853052029264365,0.37433099796592223,0.1484289171441333,0.2526950721431945,0.25416895835879205,1.2496239456120422
high,2223,1.948400992882573,1.0332026597295316,3.5787141174894455,0.375630802256393,0.14874700173407074,0.25348495826841744,0.25533989747065045,1.2532026597295316
high,2224,1.9241622113686452,1.0366707674596454,3.4681077301137453,0.3768939899474906,0.14905304362622823,0.25422984287154915,0.2564938910143774,1.2566707674596453
high,2225,1.9529311393113349,1.040250459089992,3.5796916303465487,0.3781923850478898,0.149368474485626,0.2550229411908859,0.2576666583655901,1.260250459089992
high,2226,1.9068692631680362,1.0436284046573032,3.3779455673113024,0.37942464233027046,0.1496629848711793,0.25573300014368994,0.25880777731216353,1.2636284046573032
high,2227,1.9323293720512682,1.0471040988894567,3.4756942321534368,0.38068772135619194,0.14996579828340517,0.2564851315066889,0.2599654477431706,1.2671040988894566
high,2228,1.949517934672308,1.0506429262353014,3.538827345844764,0.38197034055793627,0.1502733506514652,0.2572651464887096,0.2611340885371903,1.2706429262353014
high,2229,1.9200743021204907,1.0540495502645901,3.4066240292887073,0.38320935184739946,0.15056682267630994,0.2579910971941236,0.2622822785467571,1.27404955026459
high,2230,1.900018713009676,1.0573639369589978,3.314386694407645,0.3844175849536849,0.1508499354062227,0.25868006348701417,0.2634163531120759,1.2773639369589977
high,2231,1.9409824617577163,1.0608410431945194,3.4771062355216653,0.385677685975611,0.1511477575255631,0.2594381722665654,0.26457742742678,1.2808410431945194
high,2232,1.9233276415862575,1.0642355010724815,3.3944578779621093,0.38691019488488765,0.15143631121930806,0.26016299809213556,0.2657259968761503,1.2842355010724815
high,2233,1.975957794935486,1.0678420368087902,3.606535736308647,0.3882102842695507,0.1517437854754609,0.2609785491451855,0.2669094179185931,1.2878420368087902
high,2234,1.9458482117135913,1.0713129626184004,3.4709258096101703,0.3894658133669586,0.1520371726804714,0.26173804481391677,0.2680719317570535,1.2913129626184003
high,2235,1.9292167757680931,1.0747055090612285,3.3925464428281593,0.39069514837721264,0.1523217671674802,0.26246596410620526,0.2692226294103304,1.2947055090612285
high,2236,1.9399313167202517,1.0781343509215529,3.4288418603243276,0.3919353638399012,0.15260865396460588,0.2632103934667197,0.27037993965032603,1.2981343509215528
high,2237,1.9460458421435434,1.081580169950295,3.445819028742081,0.39318020420327215,0.15289594256204764,0.2639632631460737,0.2715407600389015,1.301580169950295
high,2238,1.912704747302543,1.084877927664731,3.297757714435967,0.39437627473137776,0.15316766150844763,0.26465548332468375,0.27267850810022165,1.3048779276647309
high,2239,1.9180287277222647,1.088189679553395,3.3117518886640607,0.3955760304373215,0.15343962340141898,0.2653547816863358,0.27381924402831864,1.308189679553395
high,2240,1.8803477195271274,1.09133628845695,3.1466089035550038,0.3967212772624543,0.15369397625017106,0.2659870404754972,0.27493399446882727,1.31133628845695
high,2241,1.9394593472704753,1.0947216197063865,3.3853312494365184,0.3979431302697542,0.15397087184640318,0.26671963682138206,0.27608798076884694,1.3147216197063865
high,2242,1.9156672578379699,1.0979990432261513,3.2774235197647883,0.399129200294271,0.1542361290878978,0.26740838249131244,0.27722533135266997,1.3179990432261512
high,2243,1.8907554071217931,1.1011645555115641,3.1655122854128415,0.40027807760892326,0.15448916905434157,0.2680520082378591,0.2783453006104401,1.321164555511564
high,2244,1.8933260598294173,1.1043329732095222,3.168417697958059,0.4014270538145486,0.1547414767218861,0.2686980304542415,0.279466412218846,1.3243329732095221
high,2245,1.9331466838399587,1.1076597092092213,3.3267359996991264,0.4026265256402893,0.15500834561982513,0.26941107765494704,0.28061376029415985,1.3276597092092213
high,2246,1.902278696536545,1.1108493377703355,3.189628561114155,0.4037807070366614,0.15526067123655862,0.2700682502707067,0.2817397092264086,1.3308493377703354
high,2247,1.902731998773539,1.114033011257553,3.1836734872174866,0.40493210707312954,0.15551138246686652,0.2707241507810411,0.2828653709365158,1.334033011257553
high,2248,1.8782001991915573,1.117106846199391,3.073834941837994,0.40604693055711477,0.15575002926819592,0.27133597286702305,0.2839739135070572,1.337106846199391
high,2249,1.8833440482692776,1.120194565949597,3.0877197502061637,0.4071654344737229,0.15598914307063405,0.27195465044119466,0.2850853379640454,1.340194565949597
high,2250,1.8923814146252351,1.1233123397721234,3.117773822526315,0.40829287569799905,0.15623034182477546,0.27258685645753705,0.28620226579181185,1.3433123397721234
high,2251,1.8784728938755308,1.1263647096627074,3.0523698905839947,0.4093981835082483,0.1564639685616938,0.2731933217807593,0.287309235812006,1.3463647096627074
high,2252,1.886802290064412,1.129444284781855,3.0795751191476928,0.4105115095962524,0.15669943756800048,0.27381210301850656,0.28842123459909574,1.349444284781855
high,2253,1.8754614147008148,1.132469280732206,3.024995950350995,0.4116062176585057,0.15692843820301872,0.2744096169156818,0.2895250079549999,1.352469280732206
high,2254,1.8470789502624043,1.1353693985255555,2.9001177933494215,0.4126593061863357,0.15714362406063603,0.27495738871917297,0.2906090795594109,1.3553693985255555
high,2255,1.8603406940994676,1.1383174814654269,2.948082939871366,0.41372723975427517,0.1573629994193927,0.2755257274645123,0.29170151482724666,1.3583174814654269
high,2256,1.8786491193625912,1.1413344309005582,3.016949435131311,0.41481680256354725,0.15758861028064175,0.2761233088301978,0.29280570922617133,1.3613344309005582
high,2257,1.9071421717750632,1.1444626469062176,3.128216005659379,0.4159417102001737,0.15782451813505993,0.27676790078131475,0.29392851778966916,1.3644626469062175
high,2258,1.8737712095159984,1.1474444858598374,2.9818389536198087,0.41701816033598893,0.15804476524306782,0.27735330636985317,0.29502825391092746,1.3674444858598374
high,2259,1.8939834366965453,1.1505031588101033,3.0586729502659615,0.4181187903964137,0.15827195036148106,0.2779713901701965,0.296141027882012,1.3705031588101033
high,2260,1.8863036017558044,1.153522518374904,3.0193595648007054,0.4192057929446821,0.1584942956886684,0.278574387342507,0.29724804239904645,1.373522518374904
high,2261,1.8613196631386588,1.1564309571153515,2.9084387404474388,0.42025579662732654,0.15870444361776492,0.27913307387836184,0.29833764299189824,1.3764309571153515
high,2262,1.8755061842732583,1.1593913105382117,2.9603534228601625,0.42132190559243937,0.15891914176520178,0.27971403583452586,0.29943622734604447,1.3793913105382116
high,2263,1.857133961311418,1.1622684431592103,2.877132620998646,0.4223600224060006,0.15912445595370445,0.2802621083781278,0.3005218564213774,1.3822684431592103
high,2264,1.8346708822085365,1.1650459070966854,2.777463937475133,0.4233646947101474,0.15931854044121224,0.2807708908540507,0.30159178109127505,1.3850459070966854
high,2265,1.871203441482559,1.1679680466928306,2.922139596145179,0.42441583849947634,0.15952702439595862,0.28133942974611725,0.3026857540512784,1.3879680466928306
high,2266,1.8664622584461215,1.1708635930101696,2.895546317339015,0.42545747614766966,0.15973199754120193,0.28189816214540925,0.3037759571758888,1.3908635930101696
high,2267,1.8426859118373042,1.1736538853565281,2.790292346358525,0.42646388215736813,0.1599252470234807,0.28241518741559274,0.3048495687600866,1.3936538853565281
high,2268,1.8587191864332604,1.176503981709259,2.850096352730924,0.42748902022678553,0.16012405685608455,0.28295748797689463,0.30593341664949425,1.396503981709259
high,2269,1.8394452293800576,1.1792676638147783,2.7636821055192495,0.4284850666541033,0.1603130917421553,0.28346579588641657,0.3070037095321032,1.3992676638147783
high,2270,1.8606490901935833,1.182112621219042,2.844957404263715,0.4295068711095002,0.16050996046280208,0.28400806583783883,0.3080877238089009,1.402112621219042
high,2271,1.8529849826793634,1.1849191721422472,2.806550923205142,0.4305153011710385,0.1607021221155422,0.2845357444920178,0.30916600436364866,1.4049191721422472
high,2272,1.8603933933324164,1.1877498387225247,2.83066658027753,0.43153078840563225,0.16089610226105422,0.28507423972424106,0.310248708331597,1.4077498387225247
high,2273,1.8087448360557492,1.190360675772113,2.6108370495883104,0.43247341145322055,0.16106603429070926,0.2855251823903652,0.31129604763781793,1.410360675772113
high,2274,1.834924090183693,1.1930734535597458,2.712777787632792,0.43344868107095963,0.16124636143533266,0.286017938790479,0.3123604722629744,1.4130734535597458
high,2275,1.8226963143468484,1.1957295370645389,2.656083504793072,0.43440453878722024,0.16142000976268206,0.28648888950950363,0.31341609900513284,1.4157295370645389
high,2276,1.8736833873263263,1.1985903923812242,2.86085531668534,0.43542656766775817,0.16161453749274168,0.28704376788044794,0.3145055193402763,1.4185903923812242
high,2277,1.8343311410642453,1.2012816840748624,2.6912916936381315,0.4363923493066458,0.1617906866137222,0.28753079284515376,0.3155678553093405,1.4212816840748623
high,2278,1.8488383212765125,1.2040267360838426,2.745052008980231,0.437374917772765,0.1619719054840999,0.28804050741451886,0.3166394054124587,1.4240267360838426
high,2279,1.8680556207585537,1.2068450248730116,2.81828878916901,0.43838059620740083,0.1621600954933003,0.28858099523924197,0.31772333793306845,1.4268450248730116
high,2280,1.8723903890649292,1.209674730163176,2.8297052901644637,0.4393891814508199,0.16234878749128806,0.2891271409932259,0.31880962022784215,1.429674730163176
high,2281,1.8697260133685072,1.2124867912791633,2.8120611159871967,0.4403911955234631,0.16253499770602736,0.289667062202418,0.3198935358472547,1.4324867912791632
high,2282,1.7976610631564833,1.2149948660756906,2.508074796527371,0.44129276285737057,0.16268823153146134,0.29008553972118667,0.3209283319656721,1.4349948660756906
high,2283,1.8201354955459341,1.2175898062279464,2.594940152255809,0.4422220851076463,0.1628504448446622,0.290539552150843,0.3219777241247948,1.4375898062279464
high,2284,1.826895464869038,1.2202067478845715,2.6169416566250714,0.4431578198980349,0.16301449287701347,0.2910033170526718,0.3230311180568514,1.4402067478845715
high,2285,1.835235454765737,1.2228521732409545,2.6454253563830132,0.4441020860430179,0.16318103901333275,0.2914794720940454,0.32408957609055844,1.4428521732409545
high,2286,1.864091651746692,1.2256109404765891,2.7587672356346182,0.4450826156717251,0.1633588982292215,0.29200250957027085,0.3251669170053717,1.4456109404765891
high,2287,1.8633655824201374,1.228360343145236,2.749402668646761,0.44605927906067083,0.16353517610701185,0.2925226862203433,0.32624320175720983,1.4483603431452359
high,2288,1.8445160951364512,1.2310254137598935,2.665070614657594,0.4470075676627358,0.16370205699964674,0.2930095676560813,0.32730622144142957,1.4510254137598935
high,2289,1.8695317589193516,1.233787991576855,2.7625778169615423,0.44798691190226575,0.1638785182285808,0.2935370271466972,0.32838553429931133,1.453787991576855
high,2290,1.8385842952335634,1.236416134252648,2.6281426757930326,0.4489215056196339,0.16404035919553284,0.29401083915732795,0.32944343028015327,1.456416134252648
high,2291,1.8434478832350814,1.2390584283151806,2.6422940625325797,0.44985993068042357,0.16420316662171713,0.2944912850169599,0.33050404599607996,1.4590584283151806
high,2292,1.8209397418834627,1.2416018559613764,2.5434276461957506,0.4507651434762647,0.16435491598312724,0.29493285638821237,0.33154894011377195,1.4616018559613764
high,2293,1.8251419329821132,1.2441569277836606,2.555071822284205,0.45167337919889855,0.16450744292967917,0.2953799904180986,0.33259611523698424,1.4641569277836606
high,2294,1.8368824785264304,1.2467547322997605,2.597804516099922,0.45259482790749633,0.1646640468718336,0.2958452088848796,0.333650648635551,1.4667547322997605
high,2295,1.822954504435464,1.249289240156988,2.5345078572274193,0.4534947227431811,0.1648133975552576,0.2962858758982394,0.33469524396030986,1.469289240156988
high,2296,1.8076164752804598,1.251754951914423,2.4657117574351517,0.45437121937813946,0.1649548428288351,0.29669993319745513,0.3357289565099934,1.471754951914423
high,2297,1.8208292540178306,1.2542696346957043,2.5146827812811967,0.4552630141942278,0.16510117404196795,0.2971344202186557,0.3367710262408528,1.4742696346957043
high,2298,1.78068930986761,1.2566137730725502,2.3441383768458834,0.4560978791011245,0.16522834454029783,0.2975020435637541,0.3377855058673737,1.4766137730725502
high,2299,1.8127660918844373,1.2590846275837266,2.470854511176457,0.4569736865222001,0.16536913167051742,0.29792074821219067,0.3388210611788183,1.4790846275837266
high,2300,1.8118366247379667,1.2615462214088549,2.4615938251282277,0.4578456605247215,0.1655084977368026,0.29833661785352,0.3398554452938108,1.4815462214088548
high,2301,1.8023331163513943,1.2639633211834678,2.4170997746129075,0.45870221221000657,0.16564260205556347,0.29873562428533107,0.34088288263256655,1.4839633211834677
high,2302,1.8319974691284757,1.2664973318176438,2.5340106341760205,0.45959637874997444,0.1657889541891967,0.2991822352575629,0.34192976362090965,1.4864973318176438
high,2303,1.8253183167250124,1.268998170603892,2.500838786248183,0.4604788788880437,0.16593131599866118,0.2996163817374421,0.34297159397974497,1.488998170603892
high,2304,1.7993103413993108,1.271386442893301,2.388272289409077,0.46132359617673674,0.1660610361176369,0.30000645575443957,0.3439953548444878,1.491386442893301
high,2305,1.7796739919557327,1.2736889606860888,2.302517792787784,0.46213926217709816,0.1661808843332011,0.3003634659866392,0.34500534818915035,1.4936889606860888
high,2306,1.761890593329971,1.275913769088435,2.224808402346179,0.4629284692675531,0.16629164798596063,0.3006908222714165,0.3460028295635047,1.495913769088435
high,2307,1.8008418273189806,1.2782936035105832,2.379834422148175,0.46376805388902126,0.16641948583883098,0.30108003700374997,0.3470260267789809,1.4982936035105832
high,2308,1.8122330332548007,1.2807151517495612,2.4215482389779996,0.4646205807755159,0.16655152659640715,0.3014866848324535,0.3480563595451847,1.5007151517495612
high,2309,1.8041758433797082,1.283098290624791,2.3831388752297844,0.46545969932604275,0.16667901058105444,0.3018788586883085,0.34908072202938517,1.503098290624791
high,2310,1.7938748673638998,1.2854339601989075,2.3356695741165723,0.46628241326622316,0.16680092852984457,0.3022530126322987,0.35009760577054116,1.5054339601989075
high,2311,1.783930174319218,1.2877238258274177,2.2898656285101904,0.46708925287481323,0.16691744314619644,0.30260987507936266,0.3511072547270454,1.5077238258274177
high,2312,1.7793903445132748,1.289990227246128,2.266401418710373,0.46788757730305236,0.1670310438777225,0.30295829218765,0.3521133138777033,1.509990227246128
high,2313,1.7776424441145664,1.2922446877758962,2.2544605297680764,0.46868118891184546,0.16714302961267957,0.3033028032607263,0.3531176659906448,1.5122446877758962
high,2314,1.7788716867549572,1.2944994464892339,2.25475871333769,0.46947412946183203,0.1672547806917306,0.30364821871710235,0.3541223176185689,1.5144994464892338
high,2315,1.7829570832632498,1.2967662142559349,2.2667677667009833,0.47027026513488873,0.16736760798061628,0.30399914839083014,0.3551291927495996,1.5167662142559348
high,2316,1.807343168484038,1.299128358910298,2.3621446543631297,0.4710970521712646,0.16749068624295227,0.30438865402916054,0.3561519664669206,1.519128358910298
high,2317,1.7803416219352988,1.3013745634310954,2.246204520797379,0.4718848759769086,0.1676006292203851,0.304733046867086,0.3571560113667155,1.5213745634310953
high,2318,1.7938808376181712,1.3036716074613217,2.2970440302263473,0.47268870041610694,0.16771596688868923,0.3050982911788707,0.3581686489776547,1.5236716074613217
high,2319,1.7915748170014498,1.3059543215009648,2.2827140396430856,0.4734870407555321,0.1678294330500178,0.3054586476036633,0.35917920009175164,1.5259543215009648
high,2320,1.7511674082004276,1.3080667737933078,2.1124522923430256,0.47422836418793407,0.1679234004054475,0.30575301169638247,0.36016199750354366,1.5280667737933078
high,2321,1.7585328679270262,1.3102050315122447,2.1382577189368313,0.4749774722910473,0.16802015013922045,0.3060581694345158,0.36114923964746104,1.5302050315122446
high,2322,1.757466830264358,1.3123345642857944,2.1295327735497693,0.4757229348487842,0.1681157102625167,0.30636067515698456,0.3621352440175089,1.5323345642857944
high,2323,1.7632685512470618,1.3144834791381255,2.148914852331041,0.4764740542567985,0.16821329568833254,0.30667149122728604,0.36312463796570826,1.5344834791381254
high,2324,1.7978442096208522,1.3167697289688647,2.2862498307392176,0.47726974332200084,0.16832605310148574,0.3070371282900125,0.3641368042553656,1.5367697289688647
high,2325,1.7941192398226429,1.3190358581437027,2.2661291748380386,0.47805805246022554,0.1684363173662488,0.30739555994464296,0.3651459283725854,1.5390358581437027
high,2326,1.7968476745005972,1.3213084357833293,2.2725776396266273,0.47884773445378453,0.1685470307627152,0.3077573110916189,0.36615635947521075,1.5413084357833293
high,2327,1.7948341412085564,1.323567967662066,2.2595318787366203,0.4796323696611438,0.16865604093507386,0.3081146547794418,0.3671649022864064,1.543567967662066
high,2328,1.7937256879285406,1.3258182138579315,2.2502461958655573,0.4804131974458085,0.16876376952414185,0.3084690793498577,0.3681721675381233,1.5458182138579315
high,2329,1.7892576666787097,1.3280454152865386,2.2272014286071062,0.48118568370823905,0.1688686966281805,0.30881514233525326,0.3691758926148658,1.5480454152865386
high,2330,1.7667888297610845,1.3301759107867122,2.1304955001735237,0.48192549893759745,0.1689625402518784,0.30912391908264447,0.3701639525145917,1.5501759107867121
high,2331,1.7461902475784292,1.3322178949326868,2.0419841459746735,0.4826352695697989,0.1690460682241388,0.3093989416955331,0.37113761544321583,1.5522178949326868
high,2332,1.7805161020763447,1.3343962245340728,2.1783296013859754,0.4833893935032852,0.16914498141634104,0.30972795891059146,0.37213389070385505,1.5543962245340728
high,2333,1.7525368300463335,1.3364555887608451,2.059364226772331,0.4841034451159853,0.16923019570806797,0.31001115552148645,0.3731107924153053,1.556455588760845
high,2334,1.7381649208201086,1.3384521937425298,1.9966049816846354,0.4847959522291067,0.16930800892787828,0.3102707347459055,0.37407749783963923,1.5584521937425297
high,2335,1.7544534205230893,1.3405113669781625,2.059173235632761,0.48550845993855235,0.1693929584171598,0.3105552808457428,0.3750546677767076,1.5605113669781625
high,2336,1.730007850863267,1.3424667116918594,1.9553447136968494,0.4861857986193128,0.16946571753872525,0.31080034071430934,0.37601485481951197,1.5624667116918594
high,2337,1.7951985141882663,1.3446848972422312,2.2181855503717873,0.4869493442602166,0.16956833088843282,0.31114876767231103,0.37701845442127063,1.5646848972422311
high,2338,1.7578652767697953,1.3467455284256236,2.060631183392392,0.4876601345044927,0.1696530189663017,0.3114359999546931,0.37799637500013594,1.5667455284256235
high,2339,1.737671031652553,1.348719614725033,1.9740862994095387,0.48834151256347996,0.16972757715100806,0.3116903486706642,0.37896017633988077,1.568719614725033
high,2340,1.7342828403549326,1.3506760514504996,1.956436725466526,0.48901630254583234,0.16979998891412595,0.31193857214575804,0.3799211878447831,1.5706760514504996
high,2341,1.740086583489089,1.3526523654214913,1.9763139709916278,0.4896969599748298,0.16987464510985462,0.31219515689253885,0.380885603444268,1.5726523654214912
high,2342,1.7705386910686594,1.3547492650317674,2.0968996102761484,0.4904168153804673,0.16996304152526776,0.3124993815653835,0.38187002656064883,1.5747492650317674
high,2343,1.7672341008244272,1.3568284211355965,2.0791561038291384,0.4911300826481107,0.17004927507631412,0.31279735810184145,0.3828517053093302,1.5768284211355965
high,2344,1.7579325955373577,1.3588653738968242,2.0369527612276173,0.4918286676813433,0.1701305593233562,0.31307954578438457,0.3838266011077399,1.5788653738968241
high,2345,1.7968065141348228,1.3610575845326915,2.1922106358673865,0.49257779217787473,0.17022915235543956,0.31342346745111904,0.38482717254825827,1.5810575845326915
high,2346,1.7758602981253664,1.3631593598261131,2.1017752934215927,0.493296374368933,0.17031747394593633,0.31373240527401053,0.38581310623723314,1.583159359826113
high,2347,1.7550048391498685,1.3651715799761683,2.0122201500551995,0.4939846268737565,0.17039547154990514,0.3140070105321815,0.38678447102032504,1.5851715799761683
high,2348,1.7190729176966515,1.3670333644883674,1.861784512199094,0.49462224133042326,0.17045581144310612,0.31422419392418066,0.38773111779065733,1.5870333644883674
high,2349,1.7250977384735606,1.3689161815200457,1.8828170316782522,0.49526613167856276,0.17051862349566255,0.3144501011933443,0.388681325152476,1.5889161815200457
high,2350,1.7439737865443379,1.3708723783354133,1.956196815367628,0.4959336664142446,0.17058998882340953,0.3147049741970598,0.3896437489006993,1.5908723783354133
high,2351,1.7179982126295559,1.3727189837570288,1.8466054216155214,0.49656409438893684,0.17064841990961854,0.31491830268237136,0.39058816677610203,1.5927189837570288
high,2352,1.7126809042158992,1.3745405351356805,1.821551378651698,0.49718547415820263,0.17070385695527096,0.3151226986194625,0.39152850540274425,1.5945405351356805
high,2353,1.7372684524102595,1.3764588153479786,1.918280212298118,0.4978382918462924,0.17077071763627577,0.31536489250809635,0.39248491335731395,1.5964588153479786
high,2354,1.7417636346151828,1.3783917689627854,1.9329536148067206,0.4984952711994592,0.17083923558102965,0.31561341590974556,0.39344384627255086,1.5983917689627853
high,2355,1.6979010300927768,1.3801425855054739,1.7508165426884936,0.49909097473664515,0.17088608732083876,0.31579279850583564,0.39437272494215414,1.6001425855054738
high,2356,1.6905078429979226,1.3818602850793482,1.717699573874354,0.49967492365735805,0.17092895813399495,0.3159602692331594,0.3952961340548358,1.6018602850793482
high,2357,1.712466519985989,1.3836640777610603,1.8037926817120464,0.5002868638795234,0.170982287208662,0.31616107629618256,0.3962338503766923,1.6036640777610602
high,2358,1.7446490488850896,1.3855956293840233,1.9315516229629903,0.5009405453460164,0.171050660067385,0.3164116699454053,0.3971927540252166,1.6055956293840232
high,2359,1.727145165815966,1.3874521340053263,1.8565046213030456,0.5015686224958086,0.17111020647394315,0.316633944137611,0.39813936089796353,1.6074521340053263
high,2360,1.7561381558972917,1.389423437805725,1.9713038003987826,0.5022340781699761,0.1711830727808774,0.31690128517867083,0.39910500167620067,1.609423437805725
high,2361,1.7235448816399341,1.3912579996615493,1.8345618558242016,0.5028534798387537,0.17123994323378616,0.3171163999407967,0.40004817664821274,1.6112579996615493
high,2362,1.7032245672995527,1.3930065677196009,1.7485680580515695,0.5034435675479274,0.17128654443275637,0.31729929000149626,0.40097716573742076,1.6130065677196008
high,2363,1.7201557191069068,1.394820813510721,1.814245791120106,0.5040548265574605,0.1713410423602318,0.3175078724583871,0.4019170721346415,1.614820813510721
high,2364,1.7213151889973148,1.3966364429479976,1.8156294372766446,0.5046658564409349,0.1713957103546358,0.3177176111915845,0.4028572649608425,1.6166364429479976
high,2365,1.748427105632762,1.3985592323893994,1.9227894414017843,0.5053117700060823,0.17146291398646868,0.31796932057798,0.40381522781886836,1.6185592323893994
high,2366,1.7201500039315112,1.4003631128722167,1.8038804828173216,0.505917526570207,0.1715161493730311,0.3181758002799979,0.40475363664898073,1.6203631128722167
high,2367,1.6972864250504003,1.4020708108075373,1.7076979353205513,0.5064905684200688,0.17155786375055088,0.31834622988929717,0.4056761487476205,1.6220708108075372
high,2368,1.694164467791428,1.4037628447547863,1.6920339472490387,0.5070577010281981,0.17159774239177528,0.31851132923454756,0.40659607210026544,1.6237628447547863
high,2369,1.6969897622096222,1.4054633847418,1.700539987013805,0.5076269880563988,0.17163872800733665,0.3186802540391003,0.4075174146389644,1.6254633847418
high,2370,1.694821322885002,1.4071521495303363,1.68876478853619,0.5081916669401362,0.17167835292497713,0.3188453182480197,0.4084368114172033,1.6271521495303363
high,2371,1.690265357780325,1.4088194991814946,1.6673496511583341,0.5087485210508386,0.1717154447250831,0.31900287838492675,0.4093526550206462,1.6288194991814946
high,2372,1.681194785704419,1.4104472267325343,1.6277275510396816,0.5092914654048774,0.1717477663296545,0.3191460890980506,0.410261905899952,1.6304472267325343
high,2373,1.690527865636508,1.412110009412393,1.6627826798587542,0.5098454399719007,0.17178449219815028,0.3193031114675928,0.4111769657747492,1.632110009412393
high,2374,1.661248944691281,1.4136514600494035,1.5414506370103886,0.5103581725442127,0.17180629313060752,0.3194151750822394,0.412071819292344,1.6336514600494034
high,2375,1.6751990810105708,1.4152468183867255,1.5953583373220503,0.510888270793391,0.1718349690674143,0.31954797870494395,0.4129755998209762,1.6352468183867255
high,2376,1.703180680287093,1.4169529237651828,1.7061053784572788,0.5114546673879166,0.17187729859880213,0.3197232023412003,0.4138977554372638,1.6369529237651828
high,2377,1.7018193961875527,1.4186505021229985,1.6975783578156989,0.5120175563727941,0.17191865902624703,0.31989577809107095,0.41481850863288633,1.6386505021229985
high,2378,1.7125291667364504,1.4203886048681995,1.7381027452010311,0.5125932794913999,0.17196494923830774,0.3200843839136109,0.41574599222488096,1.6403886048681995
high,2379,1.6904181504240428,1.422033861777515,1.6452569093154956,0.513137394402293,0.1720000695210553,0.32023830602911846,0.41665809182504826,1.642033861777515
high,2380,1.690179035737285,1.423675337236897,1.6414754593820913,0.5136795854671072,0.17203482063056114,0.32039138085422325,0.4175695502850055,1.643675337236897
high,2381,1.6870702579241492,1.425301413607263,1.6260763703659364,0.5142159758588073,0.17206778314519494,0.3205392199078037,0.418478434695457,1.645301413607263
high,2382,1.6817398128578935,1.426903146362869,1.6017327556059335,0.5147435768530891,0.1720978597185095,0.32067846008225415,0.41938324970901625,1.646903146362869
high,2383,1.68296177047912,1.4285071493014423,1.6040029385733234,0.5152712793165224,0.17212833010231493,0.32081912816490227,0.4202884117177027,1.6485071493014423
high,2384,1.7134709299647006,1.4302322481102157,1.725098808773362,0.5158387068120143,0.17217357991622334,0.3210063105176243,0.4212136508643538,1.6502322481102156
high,2385,1.698952482338099,1.4318953210763539,1.6630729661382126,0.5163848227974952,0.1722114173721832,0.3211704587125699,0.42212862219410563,1.6518953210763538
high,2386,1.730750193134111,1.433684796715948,1.7894756395941958,0.5169723529917428,0.1722643998897313,0.32138351025878026,0.4230645335756938,1.653684796715948
high,2387,1.6804722899953146,1.4352668340690822,1.5820373531341136,0.5174901321105843,0.17229244006382405,0.3215181809518125,0.4239660809428613,1.6552668340690821
high,2388,1.6997780820552422,1.4369245027367614,1.6576686676792463,0.5180325079506867,0.1723298339510579,0.3216820010163198,0.42488015981869703,1.6569245027367614
high,2389,1.7021764061375007,1.4385890497757707,1.664547039009312,0.5185765333591353,0.17236813691799546,0.32184900618518636,0.4257953733134535,1.6585890497757707
high,2390,1.6735609090324894,1.4401347675213354,1.5457177455646676,0.5190802436085348,0.17239197829219993,0.32197171831227966,0.426690827308321,1.6601347675213354
high,2391,1.6788141630598714,1.4416992350720577,1.5644675507222594,0.5195895797008848,0.17241827943226762,0.322102026893001,0.4275893490459043,1.6616992350720576
high,2392,1.6618832793896887,1.4431926769271617,1.4934418551040274,0.5200745112562329,0.17243587478810835,0.3222062990745094,0.4284759918083111,1.6631926769271617
high,2393,1.6596653979418279,1.444674816686416,1.482139759254375,0.5205550158791653,0.1724522197186692,0.32230690732366146,0.42936067376492015,1.664674816686416
high,2394,1.6734475457141385,1.4462103488032683,1.5355321168522007,0.5210527536884281,0.17247540361866076,0.3224280165813913,0.4302541749147881,1.6662103488032682
high,2395,1.6943697418770176,1.4478281399829445,1.617791179676198,0.5215773340636487,0.17250882963806963,0.3225806755271286,0.4311613007540975,1.6678281399829444
high,2396,1.6852188747814845,1.449406106461126,1.5779664781816471,0.5220879909705188,0.17253748713195755,0.32271884399456996,0.4320617843640797,1.669406106461126
high,2397,1.7050723737577111,1.4510619796912563,1.655873230130167,0.5226240065615718,0.17257572396423115,0.3228870801413494,0.4329751690241038,1.6710619796912562
high,2398,1.6717778821564595,1.4525800758781706,1.5180961869143417,0.5231134001475436,0.17259718727435608,0.3230038454742008,0.4338656429820702,1.6725800758781706
high,2399,1.6682869482095746,1.4540816308362663,1.5015549580956744,0.5235966313123344,0.1726167405389883,0.3231149625024912,0.4347532964824524,1.6740816308362663
high,2400,1.6622733861960255,1.4555565095639447,1.4748787276783748,0.524070305213328,0.17263311593370384,0.32321665686190865,0.43563643155500426,1.6755565095639446
